{
  "model_type": "logistic",
  "feature_names": [
    "sex",
    "grade_level",
    "filipino_q1",
    "filipino_q2",
    "filipino_q3",
    "english_q1",
    "english_q2",
    "english_q3",
    "mathematics_q1",
    "mathematics_q2",
    "mathematics_q3",
    "science_q1",
    "science_q2",
    "science_q3",
    "ap_q1",
    "ap_q2",
    "ap_q3",
    "esp_q1",
    "esp_q2",
    "esp_q3",
    "tle_q1",
    "tle_q2",
    "tle_q3",
    "mapeh_q1",
    "mapeh_q2",
    "mapeh_q3",
    "q123_overall"
  ],
  "intercepts": [
    -11.476749286195629,
    1.2578430116213513,
    10.218906274574381
  ],
  "coefficients": [
    [
      -0.011962986081903623,
      -0.008949716401154672,
      0.011697962490041807,
      -0.24404985259343132,
      -0.6717058024242566,
      0.03447116429479292,
      -0.11928120100026383,
      -0.6559046496793844,
      -0.10559089405666033,
      -0.17354713507108885,
      -0.7646120858688742,
      -0.14945074767748778,
      -0.5656487342140837,
      -0.5985305638327604,
      -0.08501422370691572,
      -0.5939110548752816,
      -0.47879127642739144,
      -0.05904065422004483,
      -0.2099380903075485,
      -0.789582036996852,
      -0.024169682891504736,
      -0.3147665245100591,
      -0.5092658676299615,
      -0.10373697440032023,
      -0.4425849151169286,
      -0.714268580215611,
      -0.4154651778441513
    ],
    [
      -0.2626342403436061,
      -0.32706565660451964,
      -0.16048007626278982,
      -0.1373986553019358,
      -0.21845354970759276,
      -0.31300813290376706,
      0.0163317889157899,
      0.04829046068484754,
      -0.34935289952150955,
      0.010343151154093297,
      0.13249459714931858,
      0.475037711253047,
      0.4479369611839811,
      -0.4646253013413736,
      -0.5686077733057282,
      0.1632553899546887,
      -0.04949107437847902,
      -0.16998589519994856,
      -0.1711594312510334,
      0.06725137093721993,
      -0.04452893462829025,
      0.009118595404865485,
      -0.028059826246818187,
      -0.4092913000731753,
      -0.03491257452103094,
      -0.10064293379416572,
      -0.08880646606857903
    ],
    [
      0.2745972264255113,
      0.33601537300567386,
      0.14878211377274456,
      0.38144850789536217,
      0.8901593521318426,
      0.2785369686089723,
      0.10294941208446877,
      0.6076141889945301,
      0.4549437935781669,
      0.16320398391699004,
      0.6321174887195482,
      -0.3255869635755636,
      0.11771177303009565,
      1.0631558651741253,
      0.65362199701264,
      0.43065566492058577,
      0.5282823508058639,
      0.2290265494199898,
      0.38109752155857723,
      0.7223306660596238,
      0.06869861751979174,
      0.30564792910518834,
      0.5373256938767716,
      0.5130282744734924,
      0.47749748963795197,
      0.8149115140097674,
      0.5042716439127222
    ]
  ],
  "classes": [
    "0",
    "1",
    "2"
  ],
  "scaler": {
    "mean": [
      0.4714285714285714,
      8.457142857142857,
      83.6047619047619,
      83.15238095238095,
      84.22380952380952,
      83.96190476190476,
      84.29523809523809,
      85.85714285714286,
      83.16190476190476,
      83.33809523809524,
      83.10952380952381,
      83.4047619047619,
      83.71904761904761,
      83.29047619047618,
      83.08095238095238,
      82.68095238095238,
      82.66666666666667,
      84.47619047619048,
      85.3952380952381,
      85.75714285714285,
      82.82857142857142,
      83.46666666666667,
      84.07619047619048,
      83.86666666666666,
      85.29047619047618,
      84.05714285714286,
      83.86507936507938
    ],
    "scale": [
      0.4991830059901757,
      1.1672398980465997,
      5.925005621092467,
      6.0628155527200285,
      6.5930991890081385,
      6.05046052481613,
      6.016522978667535,
      6.205110906385494,
      5.3986308837983294,
      5.331396331925864,
      6.019207728431088,
      5.561172897054155,
      5.497368985218037,
      5.840450468757058,
      5.236148989078488,
      5.5246735777410025,
      5.965243246014951,
      5.293473498375574,
      5.688834192268234,
      6.325539422024958,
      6.219718479094024,
      5.949896624418767,
      6.683590763020155,
      5.3060013940490816,
      4.880125365476427,
      5.344028392119779,
      4.9131747884273045
    ]
  }
}