{
  "model_type": "svm",
  "feature_names": [
    "sex",
    "grade_level",
    "filipino_q1",
    "filipino_q2",
    "filipino_q3",
    "english_q1",
    "english_q2",
    "english_q3",
    "mathematics_q1",
    "mathematics_q2",
    "mathematics_q3",
    "science_q1",
    "science_q2",
    "science_q3",
    "ap_q1",
    "ap_q2",
    "ap_q3",
    "esp_q1",
    "esp_q2",
    "esp_q3",
    "tle_q1",
    "tle_q2",
    "tle_q3",
    "mapeh_q1",
    "mapeh_q2",
    "mapeh_q3",
    "q123_overall"
  ],
  "intercepts": [
    -3.3081547282700825,
    -2.116143807251889,
    -7.459750138039938
  ],
  "coefficients": [
    [
      0.016796731870207138,
      0.041538255306237046,
      0.037849507470604754,
      -0.042839563412077425,
      -0.1902183164182335,
      0.02071407783803003,
      -0.0003711913615635498,
      -0.15922464419923982,
      -0.007075806235573245,
      -0.057025801563945044,
      -0.19720194468054186,
      -0.07911553200753221,
      -0.2083143846970095,
      -0.1855038850487157,
      -0.00304122750934005,
      -0.14955964581675119,
      -0.15070522981563023,
      0.010237055747077645,
      -0.1082604385380656,
      -0.18703302577235154,
      0.006702637693394936,
      0.005821717338208743,
      -0.17785354472602788,
      0.020432338977578374,
      -0.026374441548234095,
      -0.15395946054832427,
      -0.15098987068979758
    ],
    [
      0.010742611484712172,
      0.018409642755578073,
      -0.007730270519358588,
      -0.031025323840402186,
      -0.09106298726882442,
      0.00887008148291149,
      -0.03775258327725201,
      -0.09494078555938568,
      -0.025996911248388977,
      -0.016567570394826134,
      -0.17439760916379882,
      -0.048376396336776276,
      -0.0801316831967151,
      -0.0963472420248383,
      -0.027473524027890175,
      -0.1141842920057031,
      -0.1639460045420665,
      -0.01784692922137463,
      -0.07381531689764481,
      -0.10826881264376795,
      -0.01937814341204652,
      -0.032833988608320736,
      -0.09230734551922534,
      -0.0334421941464081,
      -0.03561196234381997,
      -0.13259784587755796,
      -0.11569544335592083
    ],
    [
      -0.36067224753016713,
      0.11030772366925001,
      -0.08676036991994351,
      0.23454220345338062,
      -1.6354286280750117,
      -0.23128994946281445,
      -0.2485398895885904,
      -0.3425840968674443,
      -0.8006680265643045,
      -0.6279911056213479,
      -0.9893651336967793,
      0.45193527592897853,
      0.5374511051620074,
      -0.9721401744457268,
      -0.7527657798103702,
      -0.3278609893723714,
      -0.40104544139824316,
      -0.5431701118084904,
      -0.481323368184853,
      -1.005535178252063,
      -0.10736024929033317,
      -0.36306418980369903,
      -0.41385331042670304,
      0.03985839746994646,
      -0.5254418110458845,
      -1.0120991470109226,
      -0.7999271459545838
    ]
  ],
  "classes": [
    0,
    1,
    2
  ],
  "kernel": "linear",
  "scaler": {
    "mean": [
      0.49047619047619045,
      8.416666666666666,
      81.53333333333333,
      82.84761904761905,
      86.51666666666667,
      85.02857142857142,
      83.11428571428571,
      85.27619047619048,
      82.5047619047619,
      85.27142857142857,
      82.89285714285714,
      82.8047619047619,
      81.14761904761905,
      81.07619047619048,
      82.01666666666667,
      80.85,
      80.57380952380953,
      84.83333333333333,
      87.5904761904762,
      83.77380952380952,
      80.21666666666667,
      80.53333333333333,
      81.3404761904762,
      81.32142857142857,
      86.83333333333333,
      83.49761904761905,
      83.05813492063493
    ],
    "scale": [
      0.49990928882363667,
      1.1485843598735064,
      6.338944882409234,
      6.799202967828835,
      7.349584266398263,
      6.191710499657153,
      6.5865147741995,
      7.034263406925031,
      6.2019563879915145,
      6.598531067207152,
      6.532005192644499,
      6.158229197429449,
      6.087232465823079,
      6.650736068243357,
      5.522008635005867,
      6.4714666770664095,
      6.264167163273431,
      6.153267295729839,
      6.068176533350797,
      7.748043056270019,
      6.687458648440615,
      6.77680450987627,
      7.67840383722609,
      6.251782058866467,
      6.008393599856259,
      6.514269614989853,
      3.705466605552559
    ]
  }
}