{
  "model_type": "svm",
  "feature_names": [
    "sex",
    "grade_level",
    "filipino_q1",
    "filipino_q2",
    "filipino_q3",
    "english_q1",
    "english_q2",
    "english_q3",
    "mathematics_q1",
    "mathematics_q2",
    "mathematics_q3",
    "science_q1",
    "science_q2",
    "science_q3",
    "ap_q1",
    "ap_q2",
    "ap_q3",
    "esp_q1",
    "esp_q2",
    "esp_q3",
    "tle_q1",
    "tle_q2",
    "tle_q3",
    "mapeh_q1",
    "mapeh_q2",
    "mapeh_q3",
    "q123_overall"
  ],
  "intercepts": [
    -6.0497740630591474,
    -1.6243015425633474,
    -2.5832502025537427
  ],
  "coefficients": [
    [
      0.033831093409423474,
      -0.13125262181640895,
      0.12929560862229117,
      -0.9296321581846514,
      -0.3802662076119452,
      -0.1120257143400516,
      0.30137702249691367,
      -0.8699959628904241,
      0.0904981526658819,
      -0.36122628139356205,
      -0.4195724745210496,
      -0.8271419161553701,
      -0.4781133539279452,
      -0.002827773133897704,
      -0.25623878093349206,
      -0.08799343329965392,
      -0.88385764604568,
      -0.14845431613175597,
      -0.23518681493498628,
      0.06206197222083043,
      -0.31278038527524066,
      0.3077173524411938,
      -0.4165575037821925,
      -0.03170528184850596,
      -0.6007502988912143,
      -0.5185208225255229,
      -0.3807988093333794
    ],
    [
      0.032521529814188425,
      0.01643811672974234,
      -0.11835329482450194,
      -0.2828805814042016,
      -0.14392435065332512,
      -0.09592125522988111,
      0.016738912701357883,
      -0.2414339809648844,
      -0.11885804906151115,
      -0.09005531838651018,
      -0.11365122675598924,
      -0.07650382779437635,
      -0.13775609934562116,
      -0.11074612910532611,
      0.06455491842618918,
      0.006650847559931117,
      -0.21400037448460085,
      -0.07481502151452896,
      -0.11633393696918093,
      -0.21271208959480917,
      -0.07087083794888809,
      -0.0388980441133529,
      -0.21956828109243448,
      0.034310376972815464,
      -0.08205025773270751,
      -0.1413912503455822,
      -0.1443781390461411
    ],
    [
      0.030817494636053322,
      -0.10809217922944381,
      -0.27696551104045186,
      -1.161301983963095,
      0.034847042041864285,
      -0.20311935965222805,
      -0.478706913381715,
      -1.110977899512092,
      -0.35408809108477124,
      0.48525500689041845,
      -0.2938994767927747,
      -0.3665925064166231,
      -0.8208990894557473,
      -1.0862221766812692,
      -0.14387770282615264,
      0.443769337923801,
      -1.9856297685077848,
      -0.3037041799938134,
      -0.8527547414973609,
      -0.16124440720898647,
      -0.21652658258473956,
      -0.24597968353525568,
      -0.9625315132898954,
      -0.39894783259311595,
      -0.11265590360749922,
      -1.0134746050924681,
      -0.6284939668998994
    ]
  ],
  "classes": [
    0,
    1,
    2
  ],
  "kernel": "linear",
  "scaler": {
    "mean": [
      0.6,
      8.277083333333334,
      81.09791666666666,
      79.53541666666666,
      80.11666666666666,
      81.87083333333334,
      82.1375,
      81.85833333333333,
      81.1625,
      81.45208333333333,
      79.77083333333333,
      81.22916666666667,
      80.27291666666666,
      79.61041666666667,
      81.80625,
      80.36666666666666,
      78.63125,
      82.10208333333334,
      82.05,
      80.99166666666666,
      80.28958333333334,
      80.79166666666667,
      79.68541666666667,
      83.2125,
      82.38125,
      81.83125,
      81.01059027777777
    ],
    "scale": [
      0.48989794855663565,
      0.9333496092330865,
      5.958956479652196,
      7.450866548690084,
      8.581164774603089,
      6.591027939976855,
      5.774391201676589,
      8.306920642184778,
      5.1488924779995155,
      5.566435483597699,
      7.4597240323546075,
      6.12589987720625,
      6.8140858882945965,
      7.172306102390562,
      4.875743800095188,
      6.311607472656145,
      7.76822202550236,
      5.817000572436126,
      6.877014856268186,
      9.13304059749849,
      7.066462445457102,
      6.313208156097994,
      8.260535938609284,
      5.174924516357702,
      6.378876476634946,
      6.1433112762988005,
      5.486186156198223
    ]
  }
}