{
  "model_type": "logistic",
  "feature_names": [
    "sex",
    "grade_level",
    "filipino_q1",
    "filipino_q2",
    "filipino_q3",
    "english_q1",
    "english_q2",
    "english_q3",
    "mathematics_q1",
    "mathematics_q2",
    "mathematics_q3",
    "science_q1",
    "science_q2",
    "science_q3",
    "ap_q1",
    "ap_q2",
    "ap_q3",
    "esp_q1",
    "esp_q2",
    "esp_q3",
    "tle_q1",
    "tle_q2",
    "tle_q3",
    "mapeh_q1",
    "mapeh_q2",
    "mapeh_q3",
    "q123_overall"
  ],
  "intercept": -8.953099013933656,
  "coefficients": [
    -0.011469678135593235,
    -0.15724960064959428,
    -0.035748278341620365,
    -0.3304099859651626,
    -0.7854079597900411,
    -0.05019192997287366,
    -0.08099687926972565,
    -0.6160056191380132,
    -0.08151155539101301,
    -0.19450258645742682,
    -0.6901530894973469,
    -0.11007489117178006,
    -0.3571506395536498,
    -0.5518265675018547,
    -0.08060212187114697,
    -0.32289619637906364,
    -0.4431847285194277,
    -0.07747967481181195,
    -0.3079717837704776,
    -0.10021688245217326,
    -0.1335919840382831,
    -0.35881305613727144,
    -0.5835303943604494,
    -0.12082454320279437,
    -0.33429172418352043,
    -0.7988319726052797,
    -0.3866466110309313
  ],
  "classes": [
    "0",
    "1",
    "2"
  ],
  "scaler": {
    "mean": [
      0.4722222222222222,
      8.402777777777779,
      83.39351851851852,
      82.9675925925926,
      83.65277777777777,
      83.61574074074075,
      83.98148148148148,
      85.18518518518519,
      82.63425925925925,
      82.69907407407408,
      82.38888888888889,
      82.99537037037037,
      82.89351851851852,
      82.74537037037037,
      82.72222222222223,
      82.16203703703704,
      82.0,
      83.92592592592592,
      84.76388888888889,
      88.76851851851852,
      82.4675925925926,
      82.83796296296296,
      83.26388888888889,
      83.49074074074075,
      84.45370370370371,
      83.44907407407408,
      83.47743055555556
    ],
    "scale": [
      0.4992277987669841,
      1.1862607243657861,
      6.099313457846258,
      6.287396692380126,
      6.881590555986815,
      6.109004617306008,
      6.2619980858696245,
      6.848422565260785,
      5.636400579123187,
      5.594077479474599,
      6.318452303070178,
      5.718308547167035,
      5.822430654901658,
      6.091507206595997,
      5.490451869235815,
      5.883643642943272,
      6.482169275676046,
      5.541432666243724,
      6.24683561868836,
      53.45924485781833,
      6.258243877208031,
      6.3600782896502235,
      7.106321629279484,
      5.385156846937512,
      7.43351302630247,
      5.8188072369842,
      5.677665281221586
    ]
  }
}