{
  "model_type": "logistic",
  "feature_names": [
    "sex",
    "grade_level",
    "filipino_q1",
    "filipino_q2",
    "filipino_q3",
    "english_q1",
    "english_q2",
    "english_q3",
    "mathematics_q1",
    "mathematics_q2",
    "mathematics_q3",
    "science_q1",
    "science_q2",
    "science_q3",
    "ap_q1",
    "ap_q2",
    "ap_q3",
    "esp_q1",
    "esp_q2",
    "esp_q3",
    "tle_q1",
    "tle_q2",
    "tle_q3",
    "mapeh_q1",
    "mapeh_q2",
    "mapeh_q3",
    "q123_overall"
  ],
  "intercepts": [
    -8.953099013933656,
    0.43799291668832435,
    8.51510609724533
  ],
  "coefficients": [
    [
      -0.011469678135593235,
      -0.15724960064959428,
      -0.035748278341620365,
      -0.3304099859651626,
      -0.7854079597900411,
      -0.05019192997287366,
      -0.08099687926972565,
      -0.6160056191380132,
      -0.08151155539101301,
      -0.19450258645742682,
      -0.6901530894973469,
      -0.11007489117178006,
      -0.3571506395536498,
      -0.5518265675018547,
      -0.08060212187114697,
      -0.32289619637906364,
      -0.4431847285194277,
      -0.07747967481181195,
      -0.3079717837704776,
      -0.10021688245217326,
      -0.1335919840382831,
      -0.35881305613727144,
      -0.5835303943604494,
      -0.12082454320279437,
      -0.33429172418352043,
      -0.7988319726052797,
      -0.3866466110309313
    ],
    [
      -0.12526758183539696,
      -0.4423122362096037,
      0.20916782973809153,
      -0.46796931093189686,
      -0.48626571559303833,
      -0.020404394276245404,
      0.17057558784447738,
      0.32152942821866143,
      -0.47366617921777715,
      -0.22093828100887408,
      0.1550377846744867,
      0.5411480593475815,
      0.10014537994300213,
      -0.32193538374927444,
      -0.6028035904466597,
      -0.028703599281312324,
      -0.06575043692968636,
      -0.13072333166892394,
      -0.17265481165323682,
      -0.02745163758019057,
      0.07423340030697788,
      0.13265234558086364,
      -0.009803427265287667,
      -0.7113938058926315,
      -0.22496461550225752,
      -0.021984501362476653,
      -0.1074738825726526
    ],
    [
      0.13673725997099045,
      0.5995618368591972,
      -0.1734195513964711,
      0.7983792968970603,
      1.271673675383081,
      0.07059632424911927,
      -0.08957870857475189,
      0.29447619091935157,
      0.55517773460879,
      0.41544086746630077,
      0.53511530482286,
      -0.43107316817580155,
      0.2570052596106472,
      0.8737619512511301,
      0.6834057123178064,
      0.3515997956603759,
      0.5089351654491138,
      0.20820300648073614,
      0.4806265954237146,
      0.1276685200323643,
      0.05935858373130518,
      0.22616071055640694,
      0.5933338216257363,
      0.8322183490954268,
      0.5592563396857781,
      0.8208164739677574,
      0.49412049360358423
    ]
  ],
  "classes": [
    "0",
    "1",
    "2"
  ],
  "scaler": {
    "mean": [
      0.4722222222222222,
      8.402777777777779,
      83.39351851851852,
      82.9675925925926,
      83.65277777777777,
      83.61574074074075,
      83.98148148148148,
      85.18518518518519,
      82.63425925925925,
      82.69907407407408,
      82.38888888888889,
      82.99537037037037,
      82.89351851851852,
      82.74537037037037,
      82.72222222222223,
      82.16203703703704,
      82.0,
      83.92592592592592,
      84.76388888888889,
      88.76851851851852,
      82.4675925925926,
      82.83796296296296,
      83.26388888888889,
      83.49074074074075,
      84.45370370370371,
      83.44907407407408,
      83.47743055555556
    ],
    "scale": [
      0.4992277987669841,
      1.1862607243657861,
      6.099313457846258,
      6.287396692380126,
      6.881590555986815,
      6.109004617306008,
      6.2619980858696245,
      6.848422565260785,
      5.636400579123187,
      5.594077479474599,
      6.318452303070178,
      5.718308547167035,
      5.822430654901658,
      6.091507206595997,
      5.490451869235815,
      5.883643642943272,
      6.482169275676046,
      5.541432666243724,
      6.24683561868836,
      53.45924485781833,
      6.258243877208031,
      6.3600782896502235,
      7.106321629279484,
      5.385156846937512,
      7.43351302630247,
      5.8188072369842,
      5.677665281221586
    ]
  }
}