{
  "model_type": "svm",
  "feature_names": [
    "sex",
    "grade_level",
    "filipino_q1",
    "filipino_q2",
    "filipino_q3",
    "english_q1",
    "english_q2",
    "english_q3",
    "mathematics_q1",
    "mathematics_q2",
    "mathematics_q3",
    "science_q1",
    "science_q2",
    "science_q3",
    "ap_q1",
    "ap_q2",
    "ap_q3",
    "esp_q1",
    "esp_q2",
    "esp_q3",
    "tle_q1",
    "tle_q2",
    "tle_q3",
    "mapeh_q1",
    "mapeh_q2",
    "mapeh_q3",
    "q123_overall"
  ],
  "intercept": -3.3314547791718643,
  "coefficients": [
    0.0,
    -0.034297526926050904,
    0.04849066289822557,
    -0.05990024800196542,
    -0.29398685597752794,
    0.0009423982210601811,
    0.029039031821655736,
    -0.2003432699755871,
    0.025324159117896206,
    -0.020840478359684722,
    -0.20375388594702237,
    -0.044614574045909156,
    -0.12205476766068446,
    -0.1991000681542584,
    0.02031911922408719,
    -0.07577275506035142,
    -0.18134682221261783,
    -0.0288005371545203,
    -0.1444638225394626,
    -0.034836976410956906,
    -0.03605652220060557,
    -0.03907247354545901,
    -0.25001836811077166,
    0.03573441973527772,
    -0.003958995743338467,
    -0.24208285059246082,
    -0.10757729365253099
  ],
  "classes": [
    "0",
    "1",
    "2"
  ],
  "kernel": "linear",
  "scaler": {
    "mean": [
      0.4722222222222222,
      8.402777777777779,
      83.39351851851852,
      82.9675925925926,
      83.65277777777777,
      83.61574074074075,
      83.98148148148148,
      85.18518518518519,
      82.63425925925925,
      82.69907407407408,
      82.38888888888889,
      82.99537037037037,
      82.89351851851852,
      82.74537037037037,
      82.72222222222223,
      82.16203703703704,
      82.0,
      83.92592592592592,
      84.76388888888889,
      88.76851851851852,
      82.4675925925926,
      82.83796296296296,
      83.26388888888889,
      83.49074074074075,
      84.45370370370371,
      83.44907407407408,
      83.47743055555556
    ],
    "scale": [
      0.4992277987669841,
      1.1862607243657861,
      6.099313457846258,
      6.287396692380126,
      6.881590555986815,
      6.109004617306008,
      6.2619980858696245,
      6.848422565260785,
      5.636400579123187,
      5.594077479474599,
      6.318452303070178,
      5.718308547167035,
      5.822430654901658,
      6.091507206595997,
      5.490451869235815,
      5.883643642943272,
      6.482169275676046,
      5.541432666243724,
      6.24683561868836,
      53.45924485781833,
      6.258243877208031,
      6.3600782896502235,
      7.106321629279484,
      5.385156846937512,
      7.43351302630247,
      5.8188072369842,
      5.677665281221586
    ]
  }
}