{
  "model_type": "naive_bayes",
  "feature_names": [
    "sex",
    "grade_level",
    "filipino_q1",
    "filipino_q2",
    "filipino_q3",
    "english_q1",
    "english_q2",
    "english_q3",
    "mathematics_q1",
    "mathematics_q2",
    "mathematics_q3",
    "science_q1",
    "science_q2",
    "science_q3",
    "ap_q1",
    "ap_q2",
    "ap_q3",
    "esp_q1",
    "esp_q2",
    "esp_q3",
    "tle_q1",
    "tle_q2",
    "tle_q3",
    "mapeh_q1",
    "mapeh_q2",
    "mapeh_q3",
    "q123_overall"
  ],
  "classes": [
    0,
    1,
    2
  ],
  "theta": [
    [
      0.289724593232419,
      -0.00885641237804812,
      -0.734606230820346,
      -1.2638982372365533,
      -1.483431471931141,
      -0.4241469679066252,
      -0.7742518955132857,
      -1.4482353765356257,
      -0.45131847917000867,
      -0.8326475795714157,
      -1.4063876083561655,
      -0.7377674036313129,
      -1.2598527175014038,
      -1.395404209769639,
      -0.2315196801643389,
      -1.0751653259134857,
      -1.2730473567392013,
      -0.8549167244083894,
      -1.1267860973311536,
      -1.450746992893555,
      -0.9539704326728494,
      -0.9599689604902157,
      -1.2102416475097408,
      0.019194088082883212,
      -1.2869361899884169,
      -1.1714922253110027,
      -1.2779439316929875
    ],
    [
      0.5292107468976002,
      -0.04290599781704703,
      -0.6044045434244525,
      -0.5102874019400824,
      -0.27256077121500866,
      -0.6704540660006668,
      -0.5164084559388087,
      -0.3637083374738581,
      -0.5307685841270777,
      -0.5376553959698014,
      -0.2761123887812349,
      -0.5222966586414748,
      -0.4846646124566001,
      -0.31748273161046064,
      -0.7943232510680853,
      -0.39961645795453343,
      -0.4560066768794537,
      -0.7535781989753191,
      -0.6352347071835607,
      -0.40380450777510807,
      -0.5378496629367713,
      -0.5372334608341128,
      -0.546580310266943,
      -0.517720917126027,
      -0.28040320485261594,
      -0.431928662390826,
      -0.5919082182748598
    ],
    [
      -0.39042792857853664,
      0.026253793874840177,
      0.5948928286848955,
      0.7398068862099619,
      0.693471551601677,
      0.5157022497039931,
      0.5623832056923583,
      0.7293115697491426,
      0.45089832309510647,
      0.5953162831589871,
      0.6669413494547238,
      0.5520730851361544,
      0.7245874024177459,
      0.6850506360158276,
      0.5109720997995016,
      0.6108674489437173,
      0.7141043871248897,
      0.7192075882208248,
      0.756142033815786,
      0.7517185670188118,
      0.6401942648215818,
      0.6420778989610912,
      0.7394476789858844,
      0.2702669588107342,
      0.6251567393810563,
      0.6637267713360517,
      0.7887158536291863
    ]
  ],
  "sigma": [
    [
      0.7977800911838366,
      0.2256286922513014,
      0.21885346111214313,
      0.0018785696509068955,
      0.19392944036778867,
      0.9382188788951215,
      0.6290536822416998,
      0.029177799440335123,
      0.7165110203986593,
      0.7231659983105352,
      0.18409496513094897,
      1.030711625276469,
      0.1319908822379432,
      0.19612442404755545,
      0.5329659921904704,
      0.9000916153221991,
      0.4525581755821648,
      0.11644892391425991,
      0.23135632494324995,
      0.0873759636311128,
      0.35767699559517346,
      0.21914035748545513,
      0.004720617988426326,
      1.4767795141576332,
      0.5214470170244462,
      0.5862280653670155,
      0.05419392080302731
    ],
    [
      0.5038866036520354,
      0.6837755985039601,
      0.3270409246579371,
      0.19672881960754982,
      0.19086108476201225,
      0.545207634031512,
      0.35449828940300854,
      0.2366352457106876,
      0.480883658041786,
      0.37904015484156933,
      0.2787032786147658,
      0.31540676768760806,
      0.35031595880762384,
      0.19727369009138987,
      0.4762352161889757,
      0.2718031092382488,
      0.2728659920135348,
      0.3829422063844278,
      0.17499979796515108,
      0.2542074400522682,
      0.5052109580418527,
      0.42753273554310967,
      0.2869196780731927,
      0.7400812144782998,
      0.37730433029034594,
      0.29435758748825075,
      0.045713348958354064
    ],
    [
      1.006957567977409,
      1.4534814007011596,
      0.9000423695901003,
      0.5223366136836816,
      0.3981303020558189,
      0.693290020164053,
      0.8023319258725534,
      0.3904281636988639,
      0.9533200642726309,
      0.6696983549469311,
      0.47191527382171944,
      0.703615204496076,
      0.4317526117940292,
      0.4848163281573778,
      0.8340635039259443,
      0.5416555579612167,
      0.37212868985665454,
      0.5654275744122566,
      0.4691464627987035,
      0.3071778258030599,
      0.6014366760202404,
      0.6878792193499413,
      0.5019468167324758,
      0.7465175222217529,
      0.4660353871694811,
      0.48376816611897105,
      0.447802733116625
    ]
  ],
  "scaler": {
    "mean": [
      0.6,
      8.277083333333334,
      81.09791666666666,
      79.53541666666666,
      80.11666666666666,
      81.87083333333334,
      82.1375,
      81.85833333333333,
      81.1625,
      81.45208333333333,
      79.77083333333333,
      81.22916666666667,
      80.27291666666666,
      79.61041666666667,
      81.80625,
      80.36666666666666,
      78.63125,
      82.10208333333334,
      82.05,
      80.99166666666666,
      80.28958333333334,
      80.79166666666667,
      79.68541666666667,
      83.2125,
      82.38125,
      81.83125,
      81.01059027777777
    ],
    "scale": [
      0.48989794855663565,
      0.9333496092330865,
      5.958956479652196,
      7.450866548690084,
      8.581164774603089,
      6.591027939976855,
      5.774391201676589,
      8.306920642184778,
      5.1488924779995155,
      5.566435483597699,
      7.4597240323546075,
      6.12589987720625,
      6.8140858882945965,
      7.172306102390562,
      4.875743800095188,
      6.311607472656145,
      7.76822202550236,
      5.817000572436126,
      6.877014856268186,
      9.13304059749849,
      7.066462445457102,
      6.313208156097994,
      8.260535938609284,
      5.174924516357702,
      6.378876476634946,
      6.1433112762988005,
      5.486186156198223
    ]
  }
}