{
  "model_type": "logistic",
  "feature_names": [
    "sex",
    "grade_level",
    "filipino_q1",
    "filipino_q2",
    "filipino_q3",
    "english_q1",
    "english_q2",
    "english_q3",
    "mathematics_q1",
    "mathematics_q2",
    "mathematics_q3",
    "science_q1",
    "science_q2",
    "science_q3",
    "ap_q1",
    "ap_q2",
    "ap_q3",
    "esp_q1",
    "esp_q2",
    "esp_q3",
    "tle_q1",
    "tle_q2",
    "tle_q3",
    "mapeh_q1",
    "mapeh_q2",
    "mapeh_q3",
    "q123_overall"
  ],
  "intercepts": [
    -11.74621390321081,
    0.9316601076801471,
    10.814553795530621
  ],
  "coefficients": [
    [
      0.06185062541004314,
      -0.009755448712209045,
      -0.010025877334874965,
      -0.32994992473357615,
      -0.9270499156506596,
      0.021779047063941934,
      -0.2040382306645546,
      -0.7692388851400044,
      -0.09184356218264063,
      -0.28580054138547173,
      -1.0259652482863881,
      -0.24545222239009723,
      -0.6534667604706279,
      -0.7182883338332864,
      -0.06885750799535592,
      -0.6871798400728133,
      -0.6156301621630405,
      -0.09678873678245639,
      -0.29925373537008754,
      -0.8306987736566661,
      -0.04058653433958224,
      -0.36888998868494094,
      -0.6178044311347237,
      -0.06816331185912544,
      -0.5323304930259779,
      -0.8289049854881045,
      -0.778522099786002
    ],
    [
      -0.29313384789696867,
      0.0997924811363909,
      -0.15433211673121414,
      0.20223340095703074,
      -0.5601295761252759,
      -0.13801340342251514,
      -0.1825833889035954,
      0.2615124556550593,
      -0.5597542090857754,
      -0.3873356133853777,
      -0.013133648441296258,
      0.2322346779999062,
      0.6008148530222258,
      -0.2585104287948238,
      -0.6472889215601608,
      0.24054048603876807,
      0.04620425201396818,
      -0.25444076996384957,
      -0.3128409152278369,
      -0.15883905775654134,
      -0.004733472168450904,
      0.011700539419776435,
      -0.003658975266598228,
      -0.1822302040109452,
      -0.14729546963313045,
      -0.02852143274478456,
      -0.17199927469608706
    ],
    [
      0.23128322248692226,
      -0.0900370324241816,
      0.1643579940660899,
      0.12771652377654527,
      1.4871794917759382,
      0.11623435635857607,
      0.38662161956815017,
      0.507726429484947,
      0.651597771268417,
      0.6731361547708498,
      1.0390988967276875,
      0.013217544390193103,
      0.05265190744840627,
      0.9767987626281115,
      0.7161464295555188,
      0.4466393540340477,
      0.5694259101490764,
      0.35122950674630743,
      0.6120946505979263,
      0.9895378314132096,
      0.045320006508033084,
      0.35718944926516566,
      0.6214634064013237,
      0.25039351587007197,
      0.6796259626591066,
      0.8574264182328913,
      0.9505213744820923
    ]
  ],
  "classes": [
    0,
    1,
    2
  ],
  "scaler": {
    "mean": [
      0.49047619047619045,
      8.416666666666666,
      81.53333333333333,
      82.84761904761905,
      86.51666666666667,
      85.02857142857142,
      83.11428571428571,
      85.27619047619048,
      82.5047619047619,
      85.27142857142857,
      82.89285714285714,
      82.8047619047619,
      81.14761904761905,
      81.07619047619048,
      82.01666666666667,
      80.85,
      80.57380952380953,
      84.83333333333333,
      87.5904761904762,
      83.77380952380952,
      80.21666666666667,
      80.53333333333333,
      81.3404761904762,
      81.32142857142857,
      86.83333333333333,
      83.49761904761905,
      83.05813492063493
    ],
    "scale": [
      0.49990928882363667,
      1.1485843598735064,
      6.338944882409234,
      6.799202967828835,
      7.349584266398263,
      6.191710499657153,
      6.5865147741995,
      7.034263406925031,
      6.2019563879915145,
      6.598531067207152,
      6.532005192644499,
      6.158229197429449,
      6.087232465823079,
      6.650736068243357,
      5.522008635005867,
      6.4714666770664095,
      6.264167163273431,
      6.153267295729839,
      6.068176533350797,
      7.748043056270019,
      6.687458648440615,
      6.77680450987627,
      7.67840383722609,
      6.251782058866467,
      6.008393599856259,
      6.514269614989853,
      3.705466605552559
    ]
  }
}