{
  "model_type": "logistic",
  "feature_names": [
    "sex",
    "grade_level",
    "filipino_q1",
    "filipino_q2",
    "filipino_q3",
    "english_q1",
    "english_q2",
    "english_q3",
    "mathematics_q1",
    "mathematics_q2",
    "mathematics_q3",
    "science_q1",
    "science_q2",
    "science_q3",
    "ap_q1",
    "ap_q2",
    "ap_q3",
    "esp_q1",
    "esp_q2",
    "esp_q3",
    "tle_q1",
    "tle_q2",
    "tle_q3",
    "mapeh_q1",
    "mapeh_q2",
    "mapeh_q3",
    "q123_overall"
  ],
  "intercepts": [
    -8.580062838361728,
    2.8836188382936383,
    5.696444000068091
  ],
  "coefficients": [
    [
      0.01251899506485993,
      -0.10548170288611072,
      -0.10880647080533151,
      -1.0621801624800649,
      -0.9057489578745028,
      -0.2577578526504165,
      0.021283639473836984,
      -1.5190899868498122,
      -0.23349863737081447,
      -0.4424013918594336,
      -0.6569194919355417,
      -0.9574817398667831,
      -0.7136058886504554,
      -0.6448281468089135,
      -0.25063334250182023,
      -0.09171828678573891,
      -1.4504167438725972,
      -0.21283260852588842,
      -0.4473687364207941,
      -0.5588779970098647,
      -0.39190662877723864,
      -0.13427306456253935,
      -0.7929120489544772,
      0.12563324946373536,
      -0.7944331927346847,
      -1.0034979859125739,
      -0.741895383127848
    ],
    [
      0.12242618848427596,
      -0.017918065528092275,
      -0.18662861521624244,
      -0.1828953846215674,
      0.3432698184475245,
      -0.060679674055539604,
      -0.0595678079842534,
      0.36361559975307567,
      -0.12560512165969132,
      0.2598883327592835,
      0.2297963062688056,
      0.4553975542506434,
      -0.03302923813140425,
      -0.3903487977584143,
      -0.11239707368157488,
      0.27330648243613104,
      -0.1942127829993718,
      -0.12212066174950602,
      -0.38830052156982775,
      -0.15917734986858526,
      0.018778495147464987,
      0.04484425872095786,
      -0.2505608579678626,
      -0.2448707643537009,
      0.23861716874944627,
      -0.005738937496562555,
      -0.011954021113946662
    ],
    [
      -0.1349451835491352,
      0.12339976841420226,
      0.29543508602157476,
      1.2450755471016348,
      0.5624791394269801,
      0.31843752670595515,
      0.03828416851041823,
      1.155474387096739,
      0.35910375903050545,
      0.18251305910015117,
      0.4271231856667376,
      0.5020841856161398,
      0.7466351267818613,
      1.0351769445673313,
      0.36303041618339404,
      -0.1815881956503906,
      1.644629526871971,
      0.3349532702753959,
      0.8356692579906243,
      0.7180553468784531,
      0.37312813362977465,
      0.08942880584158189,
      1.0434729069223412,
      0.11923751488996481,
      0.5558160239852401,
      1.0092369234091387,
      0.7538494042417958
    ]
  ],
  "classes": [
    0,
    1,
    2
  ],
  "scaler": {
    "mean": [
      0.6,
      8.277083333333334,
      81.09791666666666,
      79.53541666666666,
      80.11666666666666,
      81.87083333333334,
      82.1375,
      81.85833333333333,
      81.1625,
      81.45208333333333,
      79.77083333333333,
      81.22916666666667,
      80.27291666666666,
      79.61041666666667,
      81.80625,
      80.36666666666666,
      78.63125,
      82.10208333333334,
      82.05,
      80.99166666666666,
      80.28958333333334,
      80.79166666666667,
      79.68541666666667,
      83.2125,
      82.38125,
      81.83125,
      81.01059027777777
    ],
    "scale": [
      0.48989794855663565,
      0.9333496092330865,
      5.958956479652196,
      7.450866548690084,
      8.581164774603089,
      6.591027939976855,
      5.774391201676589,
      8.306920642184778,
      5.1488924779995155,
      5.566435483597699,
      7.4597240323546075,
      6.12589987720625,
      6.8140858882945965,
      7.172306102390562,
      4.875743800095188,
      6.311607472656145,
      7.76822202550236,
      5.817000572436126,
      6.877014856268186,
      9.13304059749849,
      7.066462445457102,
      6.313208156097994,
      8.260535938609284,
      5.174924516357702,
      6.378876476634946,
      6.1433112762988005,
      5.486186156198223
    ]
  }
}