{
  "model_type": "svm",
  "feature_names": [
    "sex",
    "grade_level",
    "filipino_q1",
    "filipino_q2",
    "filipino_q3",
    "english_q1",
    "english_q2",
    "english_q3",
    "mathematics_q1",
    "mathematics_q2",
    "mathematics_q3",
    "science_q1",
    "science_q2",
    "science_q3",
    "ap_q1",
    "ap_q2",
    "ap_q3",
    "esp_q1",
    "esp_q2",
    "esp_q3",
    "tle_q1",
    "tle_q2",
    "tle_q3",
    "mapeh_q1",
    "mapeh_q2",
    "mapeh_q3",
    "q123_overall"
  ],
  "intercepts": [
    -3.502695636673284,
    -2.259803252498678,
    -5.885619764359563
  ],
  "coefficients": [
    [
      0.0,
      0.04315279507957917,
      0.03140505988263831,
      -0.03626414878114492,
      -0.1698915982866724,
      0.019247172725659845,
      0.0002480323810160612,
      -0.14689766467352108,
      -0.007676917438981329,
      -0.05635283540481678,
      -0.17547307489741723,
      -0.076500663952498,
      -0.18674885177506992,
      -0.17037681361829107,
      -2.7755575615628914e-17,
      -0.13587437117949608,
      -0.1293847674741477,
      0.007699541927902259,
      -0.09260718660888473,
      -0.18206544720664292,
      0.008237785841376966,
      0.0038429176544719224,
      -0.16231944943097826,
      0.013011727665686673,
      -0.015397416597904279,
      -0.14960810959900495,
      -0.0913300487541028
    ],
    [
      0.023998237540629394,
      0.01612886656452514,
      -0.020742329583711132,
      -0.04770829267634982,
      -0.1120672597712013,
      0.010327191523557641,
      -0.01946946585746749,
      -0.11963246347873414,
      -0.02267286602961946,
      0.0167360334854227,
      -0.12736969907992818,
      -0.03910407323635667,
      -0.09098746084629694,
      -0.11500092063052056,
      -0.017754126924929517,
      -0.1103192315135326,
      -0.12484457617876493,
      -0.030096935363789504,
      -0.02917681827787333,
      -0.09053860286732485,
      -0.018170081977712867,
      -0.035793392639658445,
      -0.09088260741758125,
      -0.022226270535597628,
      -0.003640475302953597,
      -0.11017020804971259,
      -0.06903363819387995
    ],
    [
      -0.4447739306833447,
      -0.438787262424889,
      0.07672418283237548,
      -0.1428171094162174,
      -1.0057213306171562,
      -0.40710942782670134,
      0.21762993087575122,
      -0.5893085722772371,
      -0.6599133124164043,
      0.0809170895029645,
      -0.601569356936829,
      0.7014110556882667,
      0.648426521496317,
      -1.1224910042609322,
      -0.8082980677696217,
      -0.476171607724829,
      -0.3454646198143543,
      -0.35554915285168676,
      -0.3151673422368271,
      -0.5207634379673625,
      0.003645569471786736,
      -0.32660793418288225,
      -0.028880808844003347,
      -0.47908063797858125,
      -0.40329811300382623,
      -0.709760349180653,
      -0.37318992646630633
    ]
  ],
  "classes": [
    "0",
    "1",
    "2"
  ],
  "kernel": "linear",
  "scaler": {
    "mean": [
      0.4714285714285714,
      8.457142857142857,
      83.6047619047619,
      83.15238095238095,
      84.22380952380952,
      83.96190476190476,
      84.29523809523809,
      85.85714285714286,
      83.16190476190476,
      83.33809523809524,
      83.10952380952381,
      83.4047619047619,
      83.71904761904761,
      83.29047619047618,
      83.08095238095238,
      82.68095238095238,
      82.66666666666667,
      84.47619047619048,
      85.3952380952381,
      85.75714285714285,
      82.82857142857142,
      83.46666666666667,
      84.07619047619048,
      83.86666666666666,
      85.29047619047618,
      84.05714285714286,
      83.86507936507938
    ],
    "scale": [
      0.4991830059901757,
      1.1672398980465997,
      5.925005621092467,
      6.0628155527200285,
      6.5930991890081385,
      6.05046052481613,
      6.016522978667535,
      6.205110906385494,
      5.3986308837983294,
      5.331396331925864,
      6.019207728431088,
      5.561172897054155,
      5.497368985218037,
      5.840450468757058,
      5.236148989078488,
      5.5246735777410025,
      5.965243246014951,
      5.293473498375574,
      5.688834192268234,
      6.325539422024958,
      6.219718479094024,
      5.949896624418767,
      6.683590763020155,
      5.3060013940490816,
      4.880125365476427,
      5.344028392119779,
      4.9131747884273045
    ]
  }
}