{
  "model_type": "logistic",
  "feature_names": [
    "sex",
    "grade_level",
    "filipino_q1",
    "filipino_q2",
    "english_q1",
    "english_q2",
    "mathematics_q1",
    "mathematics_q2",
    "science_q1",
    "science_q2",
    "ap_q1",
    "ap_q2",
    "esp_q1",
    "esp_q2",
    "tle_q1",
    "tle_q2",
    "mapeh_q1",
    "mapeh_q2",
    "q12_overall"
  ],
  "intercepts": [
    -10.821478566670464,
    2.6079099733461892,
    8.213568593324261
  ],
  "coefficients": [
    [
      0.9465826423551945,
      -0.6973697009959001,
      -0.5714599959831806,
      -0.1808078326505661,
      -0.3488434316813737,
      0.044997648639824465,
      0.12984011224130704,
      -0.08057322243682913,
      -0.8953099730906234,
      -0.9306604066716362,
      -0.6340244132691398,
      -1.4822581854317844,
      0.20852533664750933,
      -0.7266707626804364,
      -0.43010310340452695,
      -1.3604530881514456,
      0.40080591910712265,
      -0.836099083733822,
      -0.5670941265116453
    ],
    [
      -0.7273329643099834,
      0.014652143158114346,
      0.11769559510587341,
      -0.6639580508932145,
      -0.24573195700028594,
      -0.5446595836740463,
      -0.5549081026821715,
      -0.2539065372112176,
      0.9740810410264145,
      0.2670102556920363,
      -0.22086358598495612,
      0.5151662841584317,
      -0.35726127609024516,
      0.40308070697290604,
      0.24934919305043016,
      0.7645914044324327,
      -0.6905550088568074,
      0.011248062618493215,
      -0.01085818389314092
    ],
    [
      -0.2192496780452124,
      0.6827175578377853,
      0.453764400877309,
      0.8447658835437833,
      0.594575388681662,
      0.49966193503422285,
      0.4250679904408653,
      0.33447975964804977,
      -0.07877106793578983,
      0.6636501509796008,
      0.8548879992540983,
      0.9670919012733558,
      0.14873593944273794,
      0.3235900557075325,
      0.18075391035409938,
      0.595861683719016,
      0.2897490897496878,
      0.8248510211153333,
      0.5779523104047897
    ]
  ],
  "classes": [
    "0",
    "1",
    "2"
  ],
  "scaler": {
    "mean": [
      0.49056603773584906,
      8.452830188679245,
      83.38679245283019,
      82.98584905660377,
      83.87264150943396,
      84.26886792452831,
      83.14150943396227,
      83.21698113207547,
      83.44339622641509,
      83.54716981132076,
      82.99528301886792,
      82.66509433962264,
      84.39622641509433,
      85.0754716981132,
      82.66509433962264,
      83.20283018867924,
      83.74528301886792,
      85.1745283018868,
      83.61143867924528
    ],
    "scale": [
      0.4999109924336517,
      1.1544178919599797,
      6.0040407065559425,
      5.998803948072046,
      6.06550769420546,
      5.9872799633819165,
      5.469363522773982,
      5.3834209453762485,
      5.628566271881933,
      5.532292976238487,
      5.208390945450912,
      5.41191108527049,
      5.280221631431591,
      5.686292875353268,
      6.286111412408568,
      6.068118939319676,
      5.3147380005264555,
      4.919417846383067,
      4.801994051316731
    ]
  }
}