{
  "model_type": "naive_bayes",
  "feature_names": [
    "sex",
    "grade_level",
    "filipino_q1",
    "filipino_q2",
    "english_q1",
    "english_q2",
    "mathematics_q1",
    "mathematics_q2",
    "science_q1",
    "science_q2",
    "ap_q1",
    "ap_q2",
    "esp_q1",
    "esp_q2",
    "tle_q1",
    "tle_q2",
    "mapeh_q1",
    "mapeh_q2",
    "q12_overall"
  ],
  "classes": [
    0,
    1,
    2
  ],
  "theta": [
    [
      0.289724593232419,
      -0.00885641237804812,
      -0.734606230820346,
      -1.2638982372365533,
      -0.4241469679066252,
      -0.7742518955132857,
      -0.45131847917000867,
      -0.8326475795714157,
      -0.7377674036313129,
      -1.2598527175014038,
      -0.2315196801643389,
      -1.0751653259134857,
      -0.8549167244083894,
      -1.1267860973311536,
      -0.9539704326728494,
      -0.9599689604902157,
      0.019194088082883212,
      -1.2869361899884169,
      -1.0461438358013464
    ],
    [
      0.5292107468976002,
      -0.04290599781704703,
      -0.6044045434244525,
      -0.5102874019400824,
      -0.6704540660006668,
      -0.5164084559388087,
      -0.5307685841270777,
      -0.5376553959698014,
      -0.5222966586414748,
      -0.4846646124566001,
      -0.7943232510680853,
      -0.39961645795453343,
      -0.7535781989753191,
      -0.6352347071835607,
      -0.5378496629367713,
      -0.5372334608341128,
      -0.517720917126027,
      -0.28040320485261594,
      -0.6812944883701391
    ],
    [
      -0.39042792857853664,
      0.026253793874840177,
      0.5948928286848955,
      0.7398068862099619,
      0.5157022497039931,
      0.5623832056923583,
      0.45089832309510647,
      0.5953162831589871,
      0.5520730851361544,
      0.7245874024177459,
      0.5109720997995016,
      0.6108674489437173,
      0.7192075882208248,
      0.756142033815786,
      0.6401942648215818,
      0.6420778989610912,
      0.2702669588107342,
      0.6251567393810563,
      0.7510560819821167
    ]
  ],
  "sigma": [
    [
      0.7977800911838366,
      0.2256286922513014,
      0.21885346111214313,
      0.0018785696509068955,
      0.9382188788951215,
      0.6290536822416998,
      0.7165110203986593,
      0.7231659983105352,
      1.030711625276469,
      0.1319908822379432,
      0.5329659921904704,
      0.9000916153221991,
      0.11644892391425991,
      0.23135632494324995,
      0.35767699559517346,
      0.21914035748545513,
      1.4767795141576332,
      0.5214470170244462,
      0.17746350975661646
    ],
    [
      0.5038866036520354,
      0.6837755985039601,
      0.3270409246579371,
      0.19672881960754982,
      0.545207634031512,
      0.35449828940300854,
      0.480883658041786,
      0.37904015484156933,
      0.31540676768760806,
      0.35031595880762384,
      0.4762352161889757,
      0.2718031092382488,
      0.3829422063844278,
      0.17499979796515108,
      0.5052109580418527,
      0.42753273554310967,
      0.7400812144782998,
      0.37730433029034594,
      0.14087092938254714
    ],
    [
      1.006957567977409,
      1.4534814007011596,
      0.9000423695901003,
      0.5223366136836816,
      0.693290020164053,
      0.8023319258725534,
      0.9533200642726309,
      0.6696983549469311,
      0.703615204496076,
      0.4317526117940292,
      0.8340635039259443,
      0.5416555579612167,
      0.5654275744122566,
      0.4691464627987035,
      0.6014366760202404,
      0.6878792193499413,
      0.7465175222217529,
      0.4660353871694811,
      0.5471673421918597
    ]
  ],
  "scaler": {
    "mean": [
      0.6,
      8.277083333333334,
      81.09791666666666,
      79.53541666666666,
      81.87083333333334,
      82.1375,
      81.1625,
      81.45208333333333,
      81.22916666666667,
      80.27291666666666,
      81.80625,
      80.36666666666666,
      82.10208333333334,
      82.05,
      80.28958333333334,
      80.79166666666667,
      83.2125,
      82.38125,
      81.35989583333334
    ],
    "scale": [
      0.48989794855663565,
      0.9333496092330865,
      5.958956479652196,
      7.450866548690084,
      6.591027939976855,
      5.774391201676589,
      5.1488924779995155,
      5.566435483597699,
      6.12589987720625,
      6.8140858882945965,
      4.875743800095188,
      6.311607472656145,
      5.817000572436126,
      6.877014856268186,
      7.066462445457102,
      6.313208156097994,
      5.174924516357702,
      6.378876476634946,
      4.93911000803191
    ]
  }
}