{
  "model_type": "logistic",
  "feature_names": [
    "sex",
    "grade_level",
    "filipino_q1",
    "filipino_q2",
    "english_q1",
    "english_q2",
    "mathematics_q1",
    "mathematics_q2",
    "science_q1",
    "science_q2",
    "ap_q1",
    "ap_q2",
    "esp_q1",
    "esp_q2",
    "tle_q1",
    "tle_q2",
    "mapeh_q1",
    "mapeh_q2",
    "q12_overall"
  ],
  "intercepts": [
    -9.936723278540633,
    2.113462402434236,
    7.823260876106441
  ],
  "coefficients": [
    [
      -0.11922434658262097,
      0.20459453377514858,
      0.226782375875148,
      -0.7198609796118977,
      0.15422332729005894,
      -0.5571949803609935,
      0.05014637147924141,
      -0.5889344536156087,
      -0.9087080903341133,
      -1.8126475373879192,
      -0.2555341663436658,
      -2.2328373602330647,
      -0.049674494601319535,
      -0.6464960959677094,
      0.5254051360216182,
      -0.4173116600442793,
      0.01787406766359444,
      -0.8979823105070041,
      -0.8769562238650358
    ],
    [
      -0.10990851946782061,
      0.14776459700986297,
      -0.588388532887291,
      -0.037755903723705325,
      -0.09812544763494213,
      -0.18942351891128348,
      -0.4277945030507337,
      -0.23002216620553775,
      0.4495683814289995,
      0.9401297906238605,
      -0.5046430730851299,
      1.0621853035043864,
      -0.37636991561079997,
      -0.1757752455309681,
      -0.3187963547714176,
      0.04148006351864413,
      -0.04522159601570122,
      -0.03050740449660461,
      -0.0538121132836241
    ],
    [
      0.229132866050442,
      -0.3523591307850094,
      0.3616061570121425,
      0.7576168833356026,
      -0.05609787965512236,
      0.7466184992722774,
      0.3776481315714902,
      0.8189566198211435,
      0.4591397089051107,
      0.8725177467640578,
      0.7601772394287949,
      1.1706520567286807,
      0.42604441021212064,
      0.8222713414986791,
      -0.20660878125020074,
      0.37583159652563464,
      0.02734752835210524,
      0.9284897150036078,
      0.9307683371486597
    ]
  ],
  "classes": [
    0,
    1,
    2
  ],
  "scaler": {
    "mean": [
      0.49047619047619045,
      8.416666666666666,
      81.53333333333333,
      82.84761904761905,
      85.02857142857142,
      83.11428571428571,
      82.5047619047619,
      85.27142857142857,
      82.8047619047619,
      81.14761904761905,
      82.01666666666667,
      80.85,
      84.83333333333333,
      87.5904761904762,
      80.21666666666667,
      80.53333333333333,
      81.32142857142857,
      86.83333333333333,
      83.0279761904762
    ],
    "scale": [
      0.49990928882363667,
      1.1485843598735064,
      6.338944882409234,
      6.799202967828835,
      6.191710499657153,
      6.5865147741995,
      6.2019563879915145,
      6.598531067207152,
      6.158229197429449,
      6.087232465823079,
      5.522008635005867,
      6.4714666770664095,
      6.153267295729839,
      6.068176533350797,
      6.687458648440615,
      6.77680450987627,
      6.251782058866467,
      6.008393599856259,
      3.6393443711490208
    ]
  }
}