{
  "model_type": "svm",
  "feature_names": [
    "sex",
    "grade_level",
    "filipino_q1",
    "filipino_q2",
    "english_q1",
    "english_q2",
    "mathematics_q1",
    "mathematics_q2",
    "science_q1",
    "science_q2",
    "ap_q1",
    "ap_q2",
    "esp_q1",
    "esp_q2",
    "tle_q1",
    "tle_q2",
    "mapeh_q1",
    "mapeh_q2",
    "q12_overall"
  ],
  "intercepts": [
    -3.9573737471119315,
    -3.753503323487805,
    -4.038796889659774
  ],
  "coefficients": [
    [
      -0.09729130713196499,
      0.025173726280433684,
      0.1008229259923622,
      -0.25556497874102213,
      0.05656162470770831,
      -0.18194533975538874,
      0.12971875184463566,
      -0.04525116606597113,
      -0.6008365685616688,
      -0.8789679832296728,
      -0.03869651997593526,
      -0.9910089280834171,
      0.19975758582534953,
      0.00013632502542160196,
      0.345202714286801,
      -0.09452237434519606,
      -0.020871622739790152,
      -0.24899462328958455,
      -0.2721455258461347
    ],
    [
      -0.04352333683787901,
      0.025063625124018774,
      0.11559219792243042,
      -0.33267280999609705,
      -0.027217108648027954,
      -0.2025202553033043,
      0.15332349839886983,
      -0.16223119384547213,
      -0.2525620423549114,
      -0.5967839473757399,
      -0.23111368054780196,
      -0.6091241217043974,
      -0.11801496056363442,
      -0.4901859770432132,
      0.01957579124444821,
      -0.03937526108168432,
      0.07355416692153904,
      -0.07771362512560165,
      -0.2988372461829647
    ],
    [
      -0.3002071395119428,
      0.45702725896062923,
      -0.785780657190223,
      -0.4831573545235823,
      -0.08486367211231105,
      -0.6610825604603807,
      -0.4616320409535799,
      -0.8339754036464129,
      -0.04214070898515132,
      -0.03328749789921037,
      -1.0102609929822748,
      -0.15207118304685352,
      -0.47855308781826444,
      -0.7007470389240158,
      0.2986323554250703,
      -0.4911620119161979,
      0.08748489675186288,
      -0.7080384131400397,
      -0.7002004919924936
    ]
  ],
  "classes": [
    0,
    1,
    2
  ],
  "kernel": "linear",
  "scaler": {
    "mean": [
      0.49047619047619045,
      8.416666666666666,
      81.53333333333333,
      82.84761904761905,
      85.02857142857142,
      83.11428571428571,
      82.5047619047619,
      85.27142857142857,
      82.8047619047619,
      81.14761904761905,
      82.01666666666667,
      80.85,
      84.83333333333333,
      87.5904761904762,
      80.21666666666667,
      80.53333333333333,
      81.32142857142857,
      86.83333333333333,
      83.0279761904762
    ],
    "scale": [
      0.49990928882363667,
      1.1485843598735064,
      6.338944882409234,
      6.799202967828835,
      6.191710499657153,
      6.5865147741995,
      6.2019563879915145,
      6.598531067207152,
      6.158229197429449,
      6.087232465823079,
      5.522008635005867,
      6.4714666770664095,
      6.153267295729839,
      6.068176533350797,
      6.687458648440615,
      6.77680450987627,
      6.251782058866467,
      6.008393599856259,
      3.6393443711490208
    ]
  }
}