{
  "model_type": "logistic",
  "feature_names": [
    "sex",
    "grade_level",
    "filipino_q1",
    "filipino_q2",
    "english_q1",
    "english_q2",
    "mathematics_q1",
    "mathematics_q2",
    "science_q1",
    "science_q2",
    "ap_q1",
    "ap_q2",
    "esp_q1",
    "esp_q2",
    "tle_q1",
    "tle_q2",
    "mapeh_q1",
    "mapeh_q2",
    "q12_overall"
  ],
  "intercepts": [
    -6.805150011315591,
    0.43254305417500954,
    6.372606957140596
  ],
  "coefficients": [
    [
      0.07661942821635144,
      -0.295919601347687,
      0.0781584287066982,
      -0.8359239830268018,
      0.07146307317502042,
      -0.2984042918718922,
      0.02835811083762578,
      -0.3718185836188798,
      -0.3312924342454325,
      -0.8251356862680321,
      -0.0049953143249220535,
      -0.8953052141378067,
      0.09975554536849247,
      -0.7822908027743757,
      -0.0815760429815524,
      -0.49323624767081126,
      -0.22008761992198006,
      -0.6021844932668984,
      -0.4213005869363632
    ],
    [
      -0.13312096972244417,
      -0.5497244164205415,
      0.04855740813294756,
      -0.7761034881828884,
      -0.2961820450874452,
      0.31731560462222397,
      -0.3768780443740589,
      -0.21630473089535576,
      0.7316993798472443,
      0.02111875045586731,
      -0.6055367300223707,
      0.22047517876874445,
      -0.15284390886235205,
      0.08340386880219496,
      0.009900459493100412,
      0.37495384245612096,
      -0.6731607286332492,
      -0.08803799315410893,
      -0.09506046718034648
    ],
    [
      0.0565015415060933,
      0.8456440177682283,
      -0.12671583683964635,
      1.6120274712096911,
      0.22471897191242501,
      -0.01891131275033137,
      0.34851993353643407,
      0.5881233145142365,
      -0.40040694560181206,
      0.8040169358121654,
      0.6105320443472938,
      0.6748300353690632,
      0.053088363493859335,
      0.6988869339721805,
      0.07167558348845167,
      0.11828240521469166,
      0.8932483485552288,
      0.6902224864210069,
      0.5163610541167094
    ]
  ],
  "classes": [
    "0",
    "1",
    "2"
  ],
  "scaler": {
    "mean": [
      0.4722222222222222,
      8.402777777777779,
      83.39351851851852,
      82.9675925925926,
      83.61574074074075,
      83.98148148148148,
      82.63425925925925,
      82.69907407407408,
      82.99537037037037,
      82.89351851851852,
      82.72222222222223,
      82.16203703703704,
      83.92592592592592,
      84.76388888888889,
      82.4675925925926,
      82.83796296296296,
      83.49074074074075,
      84.45370370370371,
      83.25028935185185
    ],
    "scale": [
      0.4992277987669841,
      1.1862607243657861,
      6.099313457846258,
      6.287396692380126,
      6.109004617306008,
      6.2619980858696245,
      5.636400579123187,
      5.594077479474599,
      5.718308547167035,
      5.822430654901658,
      5.490451869235815,
      5.883643642943272,
      5.541432666243724,
      6.24683561868836,
      6.258243877208031,
      6.3600782896502235,
      5.385156846937512,
      7.43351302630247,
      5.009519647430127
    ]
  }
}