{
  "model_type": "naive_bayes",
  "feature_names": [
    "sex",
    "grade_level",
    "filipino_q1",
    "filipino_q2",
    "english_q1",
    "english_q2",
    "mathematics_q1",
    "mathematics_q2",
    "science_q1",
    "science_q2",
    "ap_q1",
    "ap_q2",
    "esp_q1",
    "esp_q2",
    "tle_q1",
    "tle_q2",
    "mapeh_q1",
    "mapeh_q2",
    "q12_overall"
  ],
  "classes": [
    0,
    1,
    2
  ],
  "theta": [
    [
      0.35244489376278515,
      0.21765924100475573,
      -0.6099858475496108,
      -1.5463997418572728,
      -0.8121457598590675,
      -1.3331712873929724,
      -0.6188523423877536,
      -1.3545583323105144,
      -0.6719618749855153,
      -1.5575144261671339,
      -0.8481213346252502,
      -1.9341313633002606,
      -1.0563493649155753,
      -1.8001799162849157,
      -0.5308444039243208,
      -0.816510691029858,
      -0.37132269640401955,
      -2.1359009059660052,
      -1.94828394001021
    ],
    [
      0.5540318537402424,
      0.0826767659630471,
      -0.5940880608251821,
      -0.7540132040944196,
      -1.202765549220459,
      -0.7694166429611714,
      -0.8125896588776585,
      -1.0773061157629595,
      -0.7726653432842515,
      -0.6355185713536081,
      -0.9295432288704947,
      -0.6021064192009876,
      -0.9782412425246798,
      -1.3811684315431056,
      -0.5262077020667004,
      -0.4561844544448126,
      -0.5387168278777458,
      -0.9863462655457624,
      -1.3999325526822635
    ],
    [
      -0.06652594757251012,
      -0.011251547217714113,
      0.07319717689340079,
      0.09909563369420273,
      0.1448004168343773,
      0.09915622863505162,
      0.09839013999706503,
      0.13472683950464912,
      0.09422592349245841,
      0.08556107445643503,
      0.11367572953290664,
      0.08474056180626639,
      0.12094497733504891,
      0.1732373858428018,
      0.06475792620492236,
      0.058998565813413485,
      0.06491655531538842,
      0.13053634261060473,
      0.1765827582496455
    ]
  ],
  "sigma": [
    [
      0.8892115063080482,
      0.16844638391472394,
      0.1548501281983188,
      0.2355415651097833,
      1.0955394130924554,
      0.22026454844364543,
      0.6297331691084541,
      0.4644450599826475,
      0.7793408319660324,
      0.14992971762059643,
      0.3570996336194378,
      0.13265452219771862,
      0.14672899255260233,
      0.042244397767256754,
      0.4968957336417017,
      0.27581153669651065,
      0.8869607983248451,
      0.8864071063267969,
      0.44297953556512637
    ],
    [
      0.7141585112122512,
      1.0002927454043637,
      0.24173273839025194,
      0.3041728357462462,
      0.508622138623701,
      0.12860654912065486,
      0.2640310539288458,
      0.31291847588995453,
      0.2624032541463359,
      0.1748850283762237,
      0.1787843337956392,
      0.15209999619741021,
      0.5015131869459905,
      0.3745889624605983,
      0.3250407568612572,
      0.521883694145366,
      0.35814035789294085,
      0.2844928168828399,
      0.14698853858737884
    ],
    [
      0.9930395176212379,
      1.0053440506322409,
      1.0450385563144786,
      0.9917651973317761,
      0.863145551742596,
      1.0142883722369695,
      0.9989170993860027,
      0.9169860633863309,
      1.0054330667988567,
      1.0284696654757877,
      0.9815400460408655,
      1.025573750028508,
      0.9305541828654855,
      0.8042563762944338,
      1.0433484106321185,
      1.0280245564176447,
      1.0360162170854832,
      0.9176863992092583,
      0.8155865620632383
    ]
  ],
  "scaler": {
    "mean": [
      0.49047619047619045,
      8.416666666666666,
      81.53333333333333,
      82.84761904761905,
      85.02857142857142,
      83.11428571428571,
      82.5047619047619,
      85.27142857142857,
      82.8047619047619,
      81.14761904761905,
      82.01666666666667,
      80.85,
      84.83333333333333,
      87.5904761904762,
      80.21666666666667,
      80.53333333333333,
      81.32142857142857,
      86.83333333333333,
      83.0279761904762
    ],
    "scale": [
      0.49990928882363667,
      1.1485843598735064,
      6.338944882409234,
      6.799202967828835,
      6.191710499657153,
      6.5865147741995,
      6.2019563879915145,
      6.598531067207152,
      6.158229197429449,
      6.087232465823079,
      5.522008635005867,
      6.4714666770664095,
      6.153267295729839,
      6.068176533350797,
      6.687458648440615,
      6.77680450987627,
      6.251782058866467,
      6.008393599856259,
      3.6393443711490208
    ]
  }
}