{
  "model_type": "svm",
  "feature_names": [
    "sex",
    "grade_level",
    "filipino_q1",
    "filipino_q2",
    "english_q1",
    "english_q2",
    "mathematics_q1",
    "mathematics_q2",
    "science_q1",
    "science_q2",
    "ap_q1",
    "ap_q2",
    "esp_q1",
    "esp_q2",
    "tle_q1",
    "tle_q2",
    "mapeh_q1",
    "mapeh_q2",
    "q12_overall"
  ],
  "intercepts": [
    -6.777100091012246,
    -2.3325939780776617,
    -1.0567913305292846
  ],
  "coefficients": [
    [
      0.10408597958696353,
      0.5183293119038872,
      -0.3562881163857128,
      -3.1558546570387946,
      0.2716028965040005,
      0.007269752084933856,
      0.594463606328917,
      -0.05348546018371092,
      -0.8597732135669185,
      -0.6451194197599577,
      -0.4285996970457395,
      -0.16427154005641142,
      0.35125593345009243,
      -0.8934397440256969,
      -0.37877835734709286,
      -0.5843383368691661,
      0.20559350414254873,
      -0.8915377615657043,
      -0.6190483667515565
    ],
    [
      0.10815806731022963,
      -0.255489933556259,
      -0.05578507411525646,
      -1.103834142751076,
      -0.10189305791942943,
      -0.16711833399959758,
      0.013867594024532082,
      -0.2599954444741056,
      -0.15224451691427993,
      -0.6227376419295322,
      0.16242529204307066,
      -0.010809327939344415,
      -0.13840370914721734,
      -0.5409850723185835,
      -0.15019634947533111,
      0.08045311485425333,
      0.22918069697843066,
      -0.5790433426671189,
      -0.2987408862995109
    ],
    [
      0.31010725802156136,
      -0.10807509639768798,
      -0.10967086776688006,
      -1.6211428382617132,
      -0.22872798055728172,
      0.2161826598701495,
      -0.13210730162410256,
      -0.13464100555284375,
      0.2323216631365339,
      -0.3969142574518201,
      -0.21056731201331047,
      0.030131923523336823,
      -0.44484257224721624,
      -0.9571577039985799,
      0.11590017336018521,
      -0.39549515024710047,
      -0.04034972951104354,
      -0.7005855411631727,
      -0.40575251026485226
    ]
  ],
  "classes": [
    0,
    1,
    2
  ],
  "kernel": "linear",
  "scaler": {
    "mean": [
      0.6,
      8.277083333333334,
      81.09791666666666,
      79.53541666666666,
      81.87083333333334,
      82.1375,
      81.1625,
      81.45208333333333,
      81.22916666666667,
      80.27291666666666,
      81.80625,
      80.36666666666666,
      82.10208333333334,
      82.05,
      80.28958333333334,
      80.79166666666667,
      83.2125,
      82.38125,
      81.35989583333334
    ],
    "scale": [
      0.48989794855663565,
      0.9333496092330865,
      5.958956479652196,
      7.450866548690084,
      6.591027939976855,
      5.774391201676589,
      5.1488924779995155,
      5.566435483597699,
      6.12589987720625,
      6.8140858882945965,
      4.875743800095188,
      6.311607472656145,
      5.817000572436126,
      6.877014856268186,
      7.066462445457102,
      6.313208156097994,
      5.174924516357702,
      6.378876476634946,
      4.93911000803191
    ]
  }
}