{
  "model_type": "svm",
  "feature_names": [
    "sex",
    "grade_level",
    "filipino_q1",
    "filipino_q2",
    "english_q1",
    "english_q2",
    "mathematics_q1",
    "mathematics_q2",
    "science_q1",
    "science_q2",
    "ap_q1",
    "ap_q2",
    "esp_q1",
    "esp_q2",
    "tle_q1",
    "tle_q2",
    "mapeh_q1",
    "mapeh_q2",
    "q12_overall"
  ],
  "intercept": -3.5573515962898696,
  "coefficients": [
    0.25268269067471527,
    -0.17847860185468212,
    0.3813470460839854,
    -0.3955761783430676,
    0.13603808063320066,
    -0.14661124636698908,
    0.19097391758686655,
    -0.005843747182683767,
    -0.5739905921588746,
    -0.6064177313471646,
    0.37006850393377455,
    -0.7463313890786143,
    0.3377704157044592,
    -0.54695053803442,
    0.06650043285569662,
    0.04155311692150487,
    -0.11234878032407902,
    -0.3456321798680271,
    -0.15490107254990804
  ],
  "classes": [
    "0",
    "1",
    "2"
  ],
  "kernel": "linear",
  "scaler": {
    "mean": [
      0.4722222222222222,
      8.402777777777779,
      83.39351851851852,
      82.9675925925926,
      83.61574074074075,
      83.98148148148148,
      82.63425925925925,
      82.69907407407408,
      82.99537037037037,
      82.89351851851852,
      82.72222222222223,
      82.16203703703704,
      83.92592592592592,
      84.76388888888889,
      82.4675925925926,
      82.83796296296296,
      83.49074074074075,
      84.45370370370371,
      83.25028935185185
    ],
    "scale": [
      0.4992277987669841,
      1.1862607243657861,
      6.099313457846258,
      6.287396692380126,
      6.109004617306008,
      6.2619980858696245,
      5.636400579123187,
      5.594077479474599,
      5.718308547167035,
      5.822430654901658,
      5.490451869235815,
      5.883643642943272,
      5.541432666243724,
      6.24683561868836,
      6.258243877208031,
      6.3600782896502235,
      5.385156846937512,
      7.43351302630247,
      5.009519647430127
    ]
  }
}