{
  "model_type": "logistic",
  "feature_names": [
    "sex",
    "grade_level",
    "filipino_q1",
    "filipino_q2",
    "english_q1",
    "english_q2",
    "mathematics_q1",
    "mathematics_q2",
    "science_q1",
    "science_q2",
    "ap_q1",
    "ap_q2",
    "esp_q1",
    "esp_q2",
    "tle_q1",
    "tle_q2",
    "mapeh_q1",
    "mapeh_q2",
    "q12_overall"
  ],
  "intercepts": [
    -6.810673561480226,
    2.7095826684769766,
    4.101090893003237
  ],
  "coefficients": [
    [
      0.05214993538471234,
      0.05168949271503147,
      -0.2066095180947609,
      -3.4303789645176215,
      0.249947669320492,
      0.09502476248933753,
      0.34915333460953435,
      -0.14011399088073312,
      -0.8944382812890155,
      -1.1361815625734615,
      -0.31118663539720354,
      -0.5324354808982105,
      0.03099452264794857,
      -1.1675464688854587,
      -0.2724567590412375,
      -0.6507826249421017,
      0.21968650422694752,
      -1.1271162654502556,
      -0.7796349773907467
    ],
    [
      0.09902914497419829,
      0.020453992631050605,
      -0.1426296769506758,
      0.5706419659864111,
      -0.32964321358464516,
      0.07590107019936775,
      -0.2914662718306465,
      -0.09590717375276224,
      0.5101616661636966,
      0.25105632802368794,
      -0.09601851517670286,
      0.2547811065931604,
      -0.3017248372944377,
      -0.03964740938654948,
      0.1983342957659823,
      0.019044188794098617,
      -0.01902324318570865,
      0.22813531181468832,
      0.08173865328938132
    ],
    [
      -0.1511790803589101,
      -0.0721434853460816,
      0.34923919504543616,
      2.859736998531209,
      0.07969554426415246,
      -0.1709258326887066,
      -0.05768706277888813,
      0.23602116463349648,
      0.3842766151253174,
      0.8851252345497731,
      0.40720515057390544,
      0.2776543743050472,
      0.2707303146464892,
      1.2071938782720073,
      0.07412246327525623,
      0.631738436148002,
      -0.2006632610412389,
      0.8989809536355655,
      0.697896324101366
    ]
  ],
  "classes": [
    0,
    1,
    2
  ],
  "scaler": {
    "mean": [
      0.6,
      8.277083333333334,
      81.09791666666666,
      79.53541666666666,
      81.87083333333334,
      82.1375,
      81.1625,
      81.45208333333333,
      81.22916666666667,
      80.27291666666666,
      81.80625,
      80.36666666666666,
      82.10208333333334,
      82.05,
      80.28958333333334,
      80.79166666666667,
      83.2125,
      82.38125,
      81.35989583333334
    ],
    "scale": [
      0.48989794855663565,
      0.9333496092330865,
      5.958956479652196,
      7.450866548690084,
      6.591027939976855,
      5.774391201676589,
      5.1488924779995155,
      5.566435483597699,
      6.12589987720625,
      6.8140858882945965,
      4.875743800095188,
      6.311607472656145,
      5.817000572436126,
      6.877014856268186,
      7.066462445457102,
      6.313208156097994,
      5.174924516357702,
      6.378876476634946,
      4.93911000803191
    ]
  }
}