{
  "model_type": "naive_bayes",
  "feature_names": [
    "sex",
    "grade_level",
    "filipino_q1",
    "filipino_q2",
    "english_q1",
    "english_q2",
    "mathematics_q1",
    "mathematics_q2",
    "science_q1",
    "science_q2",
    "ap_q1",
    "ap_q2",
    "esp_q1",
    "esp_q2",
    "tle_q1",
    "tle_q2",
    "mapeh_q1",
    "mapeh_q2",
    "q12_overall"
  ],
  "classes": [
    "0",
    "1",
    "2"
  ],
  "theta": [
    [
      0.6120563724821232,
      0.3161193760338701,
      -1.1757546723674321,
      -1.4616247811995409,
      -1.2466418373897368,
      -1.6117208044772182,
      -1.078472620668369,
      -1.5351884192654324,
      -1.3010516577495013,
      -2.1762897743795144,
      -1.2243477189716,
      -1.8404757937186491,
      -1.450353639771818,
      -2.0610435084096776,
      -0.9801885927775503,
      -1.6691210795338431,
      -1.1227706951070096,
      -1.4810304657171522,
      -1.7605947110759006
    ],
    [
      0.6756466449477978,
      -0.03846955369724425,
      -0.8920901678102796,
      -0.9339882283030393,
      -1.032282233565883,
      -0.9209833168441248,
      -0.8728928109185067,
      -0.9379014039301252,
      -0.8610836156053902,
      -0.9099774196228554,
      -1.0508864128599216,
      -0.9380547546926119,
      -0.9662658877215797,
      -0.9379351949967291,
      -0.9002939754039843,
      -0.8093433033463274,
      -0.9532866041807713,
      -0.544687523195988,
      -1.075985460401966
    ],
    [
      -0.2053676753948276,
      -0.007450625024368101,
      0.2912095702990223,
      0.3174674461789298,
      0.3307613960380273,
      0.32234416089544365,
      0.2810166766338963,
      0.3224760893239644,
      0.290151374394982,
      0.35033733087015484,
      0.33428096249006617,
      0.33916716267004554,
      0.3250687881348656,
      0.3511676955487869,
      0.282630571527062,
      0.29705762700818383,
      0.3038968098882133,
      0.21943121312536787,
      0.3699196468882777
    ]
  ],
  "sigma": [
    [
      0.6934984530123839,
      0.5965729962021932,
      0.3570798527467803,
      0.5665138607085732,
      0.6966785541119646,
      0.6202336818227804,
      0.7772151823333422,
      1.0044224856048636,
      0.6463735428099155,
      0.4049590601216505,
      0.6413432998635202,
      0.6547792937138391,
      0.668997019192377,
      0.5833856506700363,
      0.771651898241356,
      0.39432342068236553,
      1.3188629889824395,
      0.5715145723314891,
      0.22907288105558668
    ],
    [
      0.618689582095596,
      0.9076163443159421,
      0.22650365326119654,
      0.1395029076591055,
      0.17798235332018333,
      0.0710846406909005,
      0.36466460562131037,
      0.23616858755061637,
      0.13309379011248476,
      0.1560011735651193,
      0.1357758225398374,
      0.10292336671394754,
      0.5538326482721918,
      0.223079349153409,
      0.44367957794589,
      0.47263780332786515,
      0.539938261562388,
      0.10949636929312763,
      0.07699677845398444
    ],
    [
      0.934970192643427,
      1.039637928030287,
      0.8691781511529595,
      0.8033180684543714,
      0.7603672864307826,
      0.7956622132717418,
      0.837512435358418,
      0.7377316324074008,
      0.8747003659494413,
      0.6554377592603804,
      0.7649281491663253,
      0.7233915902363599,
      0.6735557043727647,
      0.6415342892571261,
      0.8154619939240642,
      0.7603330002640569,
      0.707280518864476,
      1.0067330425754093,
      0.6763834433282719
    ]
  ],
  "scaler": {
    "mean": [
      0.4722222222222222,
      8.402777777777779,
      83.39351851851852,
      82.9675925925926,
      83.61574074074075,
      83.98148148148148,
      82.63425925925925,
      82.69907407407408,
      82.99537037037037,
      82.89351851851852,
      82.72222222222223,
      82.16203703703704,
      83.92592592592592,
      84.76388888888889,
      82.4675925925926,
      82.83796296296296,
      83.49074074074075,
      84.45370370370371,
      83.25028935185185
    ],
    "scale": [
      0.4992277987669841,
      1.1862607243657861,
      6.099313457846258,
      6.287396692380126,
      6.109004617306008,
      6.2619980858696245,
      5.636400579123187,
      5.594077479474599,
      5.718308547167035,
      5.822430654901658,
      5.490451869235815,
      5.883643642943272,
      5.541432666243724,
      6.24683561868836,
      6.258243877208031,
      6.3600782896502235,
      5.385156846937512,
      7.43351302630247,
      5.009519647430127
    ]
  }
}