{
  "model_type": "logistic",
  "feature_names": [
    "sex",
    "grade_level",
    "filipino_q1",
    "filipino_q2",
    "english_q1",
    "english_q2",
    "mathematics_q1",
    "mathematics_q2",
    "science_q1",
    "science_q2",
    "ap_q1",
    "ap_q2",
    "esp_q1",
    "esp_q2",
    "tle_q1",
    "tle_q2",
    "mapeh_q1",
    "mapeh_q2",
    "q12_overall"
  ],
  "intercept": -6.805150011315591,
  "coefficients": [
    0.07661942821635144,
    -0.295919601347687,
    0.0781584287066982,
    -0.8359239830268018,
    0.07146307317502042,
    -0.2984042918718922,
    0.02835811083762578,
    -0.3718185836188798,
    -0.3312924342454325,
    -0.8251356862680321,
    -0.0049953143249220535,
    -0.8953052141378067,
    0.09975554536849247,
    -0.7822908027743757,
    -0.0815760429815524,
    -0.49323624767081126,
    -0.22008761992198006,
    -0.6021844932668984,
    -0.4213005869363632
  ],
  "classes": [
    "0",
    "1",
    "2"
  ],
  "scaler": {
    "mean": [
      0.4722222222222222,
      8.402777777777779,
      83.39351851851852,
      82.9675925925926,
      83.61574074074075,
      83.98148148148148,
      82.63425925925925,
      82.69907407407408,
      82.99537037037037,
      82.89351851851852,
      82.72222222222223,
      82.16203703703704,
      83.92592592592592,
      84.76388888888889,
      82.4675925925926,
      82.83796296296296,
      83.49074074074075,
      84.45370370370371,
      83.25028935185185
    ],
    "scale": [
      0.4992277987669841,
      1.1862607243657861,
      6.099313457846258,
      6.287396692380126,
      6.109004617306008,
      6.2619980858696245,
      5.636400579123187,
      5.594077479474599,
      5.718308547167035,
      5.822430654901658,
      5.490451869235815,
      5.883643642943272,
      5.541432666243724,
      6.24683561868836,
      6.258243877208031,
      6.3600782896502235,
      5.385156846937512,
      7.43351302630247,
      5.009519647430127
    ]
  }
}