{
  "model_type": "naive_bayes",
  "feature_names": [
    "sex",
    "grade_level",
    "filipino_q1",
    "filipino_q2",
    "english_q1",
    "english_q2",
    "mathematics_q1",
    "mathematics_q2",
    "science_q1",
    "science_q2",
    "ap_q1",
    "ap_q2",
    "esp_q1",
    "esp_q2",
    "tle_q1",
    "tle_q2",
    "mapeh_q1",
    "mapeh_q2",
    "q12_overall"
  ],
  "classes": [
    "0",
    "1",
    "2"
  ],
  "theta": [
    [
      1.019049330730136,
      -0.39225846362310496,
      -1.2636144262889508,
      -1.6979799881403685,
      -1.462802778720441,
      -1.2808600852859646,
      -1.4519988296434265,
      -1.6749537559049785,
      -1.5711632055561222,
      -2.014927600399777,
      -1.1510816069028564,
      -1.7119819955725615,
      -1.4007416603626623,
      -1.6663706752045429,
      -1.569347676553948,
      -1.7802601261949547,
      -0.9304848175729573,
      -1.8243069773967648,
      -1.7959078222682419
    ],
    [
      0.6189781119990457,
      0.01920432061488128,
      -0.9971272257186874,
      -0.9811704312316161,
      -1.1660427891618441,
      -1.0679086268945293,
      -0.9629108418251878,
      -1.048028974386872,
      -0.9848682521706602,
      -1.0749918409715806,
      -1.1414817130923365,
      -1.0560214773626488,
      -1.050377579243889,
      -1.072838109439483,
      -0.9290472211635473,
      -0.828564871413502,
      -1.0480823360090668,
      -0.919728399410794,
      -1.1975235949466585
    ],
    [
      -0.17876868942282947,
      0.007144428104911962,
      0.27666563568977287,
      0.2858486059279437,
      0.3230881764076407,
      0.2941356018096452,
      0.27411034623487657,
      0.30117322008981806,
      0.2829374018838756,
      0.31781024934647917,
      0.3078723147198072,
      0.30419622199023266,
      0.29352581719502496,
      0.3068585494227676,
      0.2695127379000697,
      0.2517598532186523,
      0.2788965121450748,
      0.2749141967869191,
      0.34060169406711127
    ]
  ],
  "sigma": [
    [
      1.0000000000000003e-09,
      0.30014692233030577,
      0.026630786525415957,
      0.3267969433849917,
      0.07610684542218872,
      0.4195548106337292,
      0.2995259342426893,
      0.46098816866114006,
      0.17171306267741213,
      0.2953643595776931,
      0.45710348841932275,
      0.5954498302633826,
      0.12912139226881778,
      0.29195340641254713,
      0.3482204618070741,
      0.24550495558723048,
      0.9969397918481079,
      1.130547122152918,
      0.13446399559749087
    ],
    [
      0.6402279212279197,
      0.8624534202600503,
      0.22580686993425592,
      0.17340246022468936,
      0.20141132856014946,
      0.07558054038506551,
      0.3429630446787629,
      0.28102249411341296,
      0.2395775999212423,
      0.15650390338795903,
      0.18606692460879282,
      0.2218426194425934,
      0.6501800066181929,
      0.3084801649948913,
      0.44145990659530565,
      0.5823783539343518,
      0.44587477295890054,
      0.25526150834364586,
      0.08899064542895874
    ],
    [
      0.9612945673001261,
      1.0491528076938539,
      0.8520816123732662,
      0.819526624073076,
      0.7248225425354575,
      0.8300042377912183,
      0.8180039622488341,
      0.7505654695598966,
      0.820646683165794,
      0.7237814225247626,
      0.7646615923430355,
      0.7511016650604546,
      0.7006993888401155,
      0.7338486455060704,
      0.8001837908374988,
      0.7999099155077565,
      0.7660025860137052,
      0.7966396178258851,
      0.6880570696409738
    ]
  ],
  "scaler": {
    "mean": [
      0.49056603773584906,
      8.452830188679245,
      83.38679245283019,
      82.98584905660377,
      83.87264150943396,
      84.26886792452831,
      83.14150943396227,
      83.21698113207547,
      83.44339622641509,
      83.54716981132076,
      82.99528301886792,
      82.66509433962264,
      84.39622641509433,
      85.0754716981132,
      82.66509433962264,
      83.20283018867924,
      83.74528301886792,
      85.1745283018868,
      83.61143867924528
    ],
    "scale": [
      0.4999109924336517,
      1.1544178919599797,
      6.0040407065559425,
      5.998803948072046,
      6.06550769420546,
      5.9872799633819165,
      5.469363522773982,
      5.3834209453762485,
      5.628566271881933,
      5.532292976238487,
      5.208390945450912,
      5.41191108527049,
      5.280221631431591,
      5.686292875353268,
      6.286111412408568,
      6.068118939319676,
      5.3147380005264555,
      4.919417846383067,
      4.801994051316731
    ]
  }
}