{
  "model_type": "logistic",
  "feature_names": [
    "sex",
    "grade_level",
    "filipino_q1",
    "english_q1",
    "mathematics_q1",
    "science_q1",
    "ap_q1",
    "esp_q1",
    "tle_q1",
    "mapeh_q1",
    "q1_overall"
  ],
  "intercept": -3.8029475845863057,
  "coefficients": [
    -0.24424533075206975,
    0.3015079617877197,
    -0.5200766591657157,
    -0.03681722757610435,
    -0.19001844273606816,
    -0.9537275443431183,
    -0.4375626095076685,
    -0.5456898062975529,
    -0.1474832192004787,
    0.05970239136686421,
    -0.4023465907768819
  ],
  "classes": [
    "0",
    "1",
    "2"
  ],
  "scaler": {
    "mean": [
      0.4722222222222222,
      8.402777777777779,
      83.39351851851852,
      83.61574074074075,
      82.63425925925925,
      82.99537037037037,
      82.72222222222223,
      83.92592592592592,
      82.4675925925926,
      83.49074074074075,
      83.15567129629629
    ],
    "scale": [
      0.4992277987669841,
      1.1862607243657861,
      6.099313457846258,
      6.109004617306008,
      5.636400579123187,
      5.718308547167035,
      5.490451869235815,
      5.541432666243724,
      6.258243877208031,
      5.385156846937512,
      4.955166438538724
    ]
  }
}