{
  "model_type": "logistic",
  "feature_names": [
    "sex",
    "grade_level",
    "filipino_q1",
    "english_q1",
    "mathematics_q1",
    "science_q1",
    "ap_q1",
    "esp_q1",
    "tle_q1",
    "mapeh_q1",
    "q1_overall"
  ],
  "intercepts": [
    -1.5302349207268313,
    0.42855651121444555,
    1.1016784095123882
  ],
  "coefficients": [
    [
      -0.6860093618106105,
      0.5630843454417013,
      -0.7223984040819378,
      0.7979697944421282,
      -0.043118396893820465,
      -0.3194784974659591,
      0.020672107360611095,
      -1.0061708945235528,
      -1.5664898429430654,
      0.43744299965219596,
      -0.4089970019552794
    ],
    [
      0.4586472444685621,
      -0.09085186822926175,
      -0.29595011832281165,
      -0.39539005418662865,
      0.20556357665813038,
      0.23017931057685817,
      -0.6138768755767867,
      -0.24630926740696701,
      0.6764336256182667,
      0.18632662560426624,
      -0.015102396955776224
    ],
    [
      0.2273621173420489,
      -0.4722324772124402,
      1.018348522404749,
      -0.4025797402555009,
      -0.16244517976430892,
      0.08929918688910037,
      0.5932047682161751,
      1.2524801619305193,
      0.8900562173247991,
      -0.623769625256463,
      0.4240993989110565
    ]
  ],
  "classes": [
    0,
    1,
    2
  ],
  "scaler": {
    "mean": [
      0.6,
      8.277083333333334,
      81.09791666666666,
      81.87083333333334,
      81.1625,
      81.22916666666667,
      81.80625,
      82.10208333333334,
      80.28958333333334,
      83.2125,
      81.59635416666667
    ],
    "scale": [
      0.48989794855663565,
      0.9333496092330865,
      5.958956479652196,
      6.591027939976855,
      5.1488924779995155,
      6.12589987720625,
      4.875743800095188,
      5.817000572436126,
      7.066462445457102,
      5.174924516357702,
      4.823481760225971
    ]
  }
}