{
  "model_type": "logistic",
  "feature_names": [
    "sex",
    "grade_level",
    "filipino_q1",
    "english_q1",
    "mathematics_q1",
    "science_q1",
    "ap_q1",
    "esp_q1",
    "tle_q1",
    "mapeh_q1",
    "q1_overall"
  ],
  "intercepts": [
    -4.386570646731954,
    0.5368592044993742,
    3.8497114422325787
  ],
  "coefficients": [
    [
      -0.0895339898429852,
      1.1109253084279413,
      0.12453200422864814,
      0.6673555436296417,
      -1.1707234757029388,
      -1.604882652586232,
      -1.0739532574852864,
      -0.2755438768509235,
      -1.080109602856165,
      0.29877275740483245,
      -0.6017631058263245
    ],
    [
      -0.08249571707214748,
      -0.37139961529332405,
      -0.45947003782082313,
      -0.6990079379997486,
      0.3416272305149901,
      0.6700798687052827,
      -0.007821951170023536,
      -0.0245275487193712,
      0.2988742210932517,
      -0.671401461009258,
      -0.0747876567265867
    ],
    [
      0.17202970691513175,
      -0.7395256931346191,
      0.33493803359217544,
      0.03165239437010732,
      0.8290962451879491,
      0.9348027838809491,
      1.0817752086553114,
      0.3000714255702929,
      0.7812353817629109,
      0.37262870360442624,
      0.6765507625529115
    ]
  ],
  "classes": [
    "0",
    "1",
    "2"
  ],
  "scaler": {
    "mean": [
      0.5162790697674419,
      8.46046511627907,
      83.2,
      83.43255813953489,
      82.77674418604651,
      83.09767441860465,
      82.70697674418605,
      83.94883720930233,
      82.35348837209303,
      83.45581395348837,
      83.12151162790698
    ],
    "scale": [
      0.4997349216209597,
      1.1521747959450566,
      6.0357077001674355,
      5.920705525614189,
      5.558686360178841,
      5.780862105663344,
      5.390145847309989,
      5.390101698700721,
      6.2940115073390155,
      5.213279212878705,
      4.90164774560125
    ]
  }
}