{
  "model_type": "logistic",
  "feature_names": [
    "sex",
    "grade_level",
    "filipino_q1",
    "english_q1",
    "mathematics_q1",
    "science_q1",
    "ap_q1",
    "esp_q1",
    "tle_q1",
    "mapeh_q1",
    "q1_overall"
  ],
  "intercepts": [
    -0.9787335530135447,
    -0.6205811507900675,
    1.5993147038036095
  ],
  "coefficients": [
    [
      -0.24497440869081785,
      0.42002860389189717,
      -0.40731490814762167,
      0.06452446598005367,
      -0.013231718183909962,
      -0.0841275962980903,
      -0.5712438396867509,
      -0.6841899417456855,
      -0.18340183332276955,
      0.5513245254270351,
      -0.25324764631801805
    ],
    [
      -0.0853521300662816,
      0.17466361402179725,
      -0.009613343542322173,
      -0.5638281311984961,
      -0.2642323887607965,
      0.15274162015204487,
      -0.2769680796635848,
      -0.2774056177109913,
      0.16934451208961387,
      0.2088075821505578,
      -0.16129596112556738
    ],
    [
      0.33032653875710066,
      -0.5946922179136928,
      0.4169282516899432,
      0.49930366521844416,
      0.2774641069447086,
      -0.06861402385395104,
      0.8482119193503361,
      0.9615955594566746,
      0.01405732123315371,
      -0.7601321075775974,
      0.4145436074435896
    ]
  ],
  "classes": [
    0,
    1,
    2
  ],
  "scaler": {
    "mean": [
      0.49047619047619045,
      8.416666666666666,
      81.53333333333333,
      85.02857142857142,
      82.5047619047619,
      82.8047619047619,
      82.01666666666667,
      84.83333333333333,
      80.21666666666667,
      81.32142857142857,
      82.53244047619047
    ],
    "scale": [
      0.49990928882363667,
      1.1485843598735064,
      6.338944882409234,
      6.191710499657153,
      6.2019563879915145,
      6.158229197429449,
      5.522008635005867,
      6.153267295729839,
      6.687458648440615,
      6.251782058866467,
      3.9125328611161927
    ]
  }
}