{
  "model_type": "naive_bayes",
  "feature_names": [
    "sex",
    "grade_level",
    "filipino_q1",
    "english_q1",
    "mathematics_q1",
    "science_q1",
    "ap_q1",
    "esp_q1",
    "tle_q1",
    "mapeh_q1",
    "q1_overall"
  ],
  "classes": [
    0,
    1,
    2
  ],
  "theta": [
    [
      0.35244489376278515,
      0.21765924100475573,
      -0.6099858475496108,
      -0.8121457598590675,
      -0.6188523423877536,
      -0.6719618749855153,
      -0.8481213346252502,
      -1.0563493649155753,
      -0.5308444039243208,
      -0.37132269640401955,
      -1.0838947454396515
    ],
    [
      0.5540318537402424,
      0.0826767659630471,
      -0.5940880608251821,
      -1.202765549220459,
      -0.8125896588776585,
      -0.7726653432842515,
      -0.9295432288704947,
      -0.9782412425246798,
      -0.5262077020667004,
      -0.5387168278777458,
      -1.2476004314249354
    ],
    [
      -0.06652594757251012,
      -0.011251547217714113,
      0.07319717689340079,
      0.1448004168343773,
      0.09839013999706503,
      0.09422592349245841,
      0.11367572953290664,
      0.12094497733504891,
      0.06475792620492236,
      0.06491655531538842,
      0.1521350341914211
    ]
  ],
  "sigma": [
    [
      0.8892115063080482,
      0.16844638391472394,
      0.1548501281983188,
      1.0955394130924554,
      0.6297331691084541,
      0.7793408319660324,
      0.3570996336194378,
      0.14672899255260233,
      0.4968957336417017,
      0.8869607983248451,
      1.0794616582034318
    ],
    [
      0.7141585112122512,
      1.0002927454043637,
      0.24173273839025194,
      0.508622138623701,
      0.2640310539288458,
      0.2624032541463359,
      0.1787843337956392,
      0.5015131869459905,
      0.3250407568612572,
      0.35814035789294085,
      0.20530868058274512
    ],
    [
      0.9930395176212379,
      1.0053440506322409,
      1.0450385563144786,
      0.863145551742596,
      0.9989170993860027,
      1.0054330667988567,
      0.9815400460408655,
      0.9305541828654855,
      1.0433484106321185,
      1.0360162170854832,
      0.8792053718892587
    ]
  ],
  "scaler": {
    "mean": [
      0.49047619047619045,
      8.416666666666666,
      81.53333333333333,
      85.02857142857142,
      82.5047619047619,
      82.8047619047619,
      82.01666666666667,
      84.83333333333333,
      80.21666666666667,
      81.32142857142857,
      82.53244047619047
    ],
    "scale": [
      0.49990928882363667,
      1.1485843598735064,
      6.338944882409234,
      6.191710499657153,
      6.2019563879915145,
      6.158229197429449,
      5.522008635005867,
      6.153267295729839,
      6.687458648440615,
      6.251782058866467,
      3.9125328611161927
    ]
  }
}