{
  "model_type": "naive_bayes",
  "feature_names": [
    "sex",
    "grade_level",
    "filipino_q1",
    "english_q1",
    "mathematics_q1",
    "science_q1",
    "ap_q1",
    "esp_q1",
    "tle_q1",
    "mapeh_q1",
    "q1_overall"
  ],
  "classes": [
    0,
    1,
    2
  ],
  "theta": [
    [
      0.289724593232419,
      -0.00885641237804812,
      -0.734606230820346,
      -0.4241469679066252,
      -0.45131847917000867,
      -0.7377674036313129,
      -0.2315196801643389,
      -0.8549167244083894,
      -0.9539704326728494,
      0.019194088082883212,
      -0.6934845505642501
    ],
    [
      0.5292107468976002,
      -0.04290599781704703,
      -0.6044045434244525,
      -0.6704540660006668,
      -0.5307685841270777,
      -0.5222966586414748,
      -0.7943232510680853,
      -0.7535781989753191,
      -0.5378496629367713,
      -0.517720917126027,
      -0.7434814019724792
    ],
    [
      -0.39042792857853664,
      0.026253793874840177,
      0.5948928286848955,
      0.5157022497039931,
      0.45089832309510647,
      0.5520730851361544,
      0.5109720997995016,
      0.7192075882208248,
      0.6401942648215818,
      0.2702669588107342,
      0.6542224304315851
    ]
  ],
  "sigma": [
    [
      0.7977800911838366,
      0.2256286922513014,
      0.21885346111214313,
      0.9382188788951215,
      0.7165110203986593,
      1.030711625276469,
      0.5329659921904704,
      0.11644892391425991,
      0.35767699559517346,
      1.4767795141576332,
      0.5407963679351215
    ],
    [
      0.5038866036520354,
      0.6837755985039601,
      0.3270409246579371,
      0.545207634031512,
      0.480883658041786,
      0.31540676768760806,
      0.4762352161889757,
      0.3829422063844278,
      0.5052109580418527,
      0.7400812144782998,
      0.33650763650208015
    ],
    [
      1.006957567977409,
      1.4534814007011596,
      0.9000423695901003,
      0.693290020164053,
      0.9533200642726309,
      0.703615204496076,
      0.8340635039259443,
      0.5654275744122566,
      0.6014366760202404,
      0.7465175222217529,
      0.6232967836017849
    ]
  ],
  "scaler": {
    "mean": [
      0.6,
      8.277083333333334,
      81.09791666666666,
      81.87083333333334,
      81.1625,
      81.22916666666667,
      81.80625,
      82.10208333333334,
      80.28958333333334,
      83.2125,
      81.59635416666667
    ],
    "scale": [
      0.48989794855663565,
      0.9333496092330865,
      5.958956479652196,
      6.591027939976855,
      5.1488924779995155,
      6.12589987720625,
      4.875743800095188,
      5.817000572436126,
      7.066462445457102,
      5.174924516357702,
      4.823481760225971
    ]
  }
}