{
  "model_type": "naive_bayes",
  "feature_names": [
    "sex",
    "grade_level",
    "filipino_q1",
    "english_q1",
    "mathematics_q1",
    "science_q1",
    "ap_q1",
    "esp_q1",
    "tle_q1",
    "mapeh_q1",
    "q1_overall"
  ],
  "classes": [
    "0",
    "1",
    "2"
  ],
  "theta": [
    [
      0.7178224188715827,
      0.14280375191333114,
      -1.1514805463172453,
      -1.382024169946548,
      -1.3540508851095447,
      -1.422395875962711,
      -1.2211129217349208,
      -1.4283287477039854,
      -1.2676316785868371,
      -1.1184541850519214,
      -1.5038844099970656
    ],
    [
      0.5677428531755795,
      0.05601136559144822,
      -0.9692318267562425,
      -1.1413433940094309,
      -0.9088018029288458,
      -0.9250652101467173,
      -1.0773320256415855,
      -1.0062587892561912,
      -0.8744007483424177,
      -1.046522492025848,
      -1.1525994769773038
    ],
    [
      -0.17037301483829798,
      -0.020256794245296278,
      0.2873120804837575,
      0.33958041389191235,
      0.28254179160497045,
      0.28971123002137883,
      0.31654002634456657,
      0.3094430033046675,
      0.27016217582270263,
      0.30424271354161203,
      0.3481140979584933
    ]
  ],
  "sigma": [
    [
      0.43796425732363126,
      0.7415216484643115,
      0.38258547926975117,
      0.4403824961894773,
      0.5157934916805684,
      0.2950286328007153,
      0.45981708995939424,
      0.3248351721561717,
      0.5928214948395051,
      0.8640861340867393,
      0.29752737492176967
    ],
    [
      0.6406791416791406,
      0.8281502091839514,
      0.214865495612124,
      0.19881397686469068,
      0.39157828280725987,
      0.21806870761149538,
      0.17175109518721873,
      0.648788340529734,
      0.40332371805956374,
      0.28147476531089,
      0.12754616549354833
    ],
    [
      0.9820729783040718,
      1.0514051380020315,
      0.8465596942050453,
      0.6998819388986403,
      0.8034399676928733,
      0.8352381631009193,
      0.7746330333259246,
      0.6804518006770858,
      0.8293255257330371,
      0.7637982237403674,
      0.6948954123695622
    ]
  ],
  "scaler": {
    "mean": [
      0.5162790697674419,
      8.46046511627907,
      83.2,
      83.43255813953489,
      82.77674418604651,
      83.09767441860465,
      82.70697674418605,
      83.94883720930233,
      82.35348837209303,
      83.45581395348837,
      83.12151162790698
    ],
    "scale": [
      0.4997349216209597,
      1.1521747959450566,
      6.0357077001674355,
      5.920705525614189,
      5.558686360178841,
      5.780862105663344,
      5.390145847309989,
      5.390101698700721,
      6.2940115073390155,
      5.213279212878705,
      4.90164774560125
    ]
  }
}