{
  "model_type": "naive_bayes",
  "feature_names": [
    "sex",
    "grade_level",
    "filipino_q1",
    "english_q1",
    "mathematics_q1",
    "science_q1",
    "ap_q1",
    "esp_q1",
    "tle_q1",
    "mapeh_q1",
    "q1_overall"
  ],
  "classes": [
    "0",
    "1",
    "2"
  ],
  "theta": [
    [
      0.6120563724821232,
      0.3161193760338701,
      -1.1757546723674321,
      -1.2466418373897368,
      -1.078472620668369,
      -1.3010516577495013,
      -1.2243477189716,
      -1.450353639771818,
      -0.9801885927775503,
      -1.1227706951070096,
      -1.393630543383477
    ],
    [
      0.6756466449477978,
      -0.03846955369724425,
      -0.8920901678102796,
      -1.032282233565883,
      -0.8728928109185067,
      -0.8610836156053902,
      -1.0508864128599216,
      -0.9662658877215797,
      -0.9002939754039843,
      -0.9532866041807713,
      -1.0969224280307124
    ],
    [
      -0.2053676753948276,
      -0.007450625024368101,
      0.2912095702990223,
      0.3307613960380273,
      0.2810166766338963,
      0.290151374394982,
      0.33428096249006617,
      0.3250687881348656,
      0.282630571527062,
      0.3038968098882133,
      0.35523282950146345
    ]
  ],
  "sigma": [
    [
      0.6934984530123839,
      0.5965729962021932,
      0.3570798527467803,
      0.6966785541119646,
      0.7772151823333422,
      0.6463735428099155,
      0.6413432998635202,
      0.668997019192377,
      0.771651898241356,
      1.3188629889824395,
      0.40359426747170846
    ],
    [
      0.618689582095596,
      0.9076163443159421,
      0.22650365326119654,
      0.17798235332018333,
      0.36466460562131037,
      0.13309379011248476,
      0.1357758225398374,
      0.5538326482721918,
      0.44367957794589,
      0.539938261562388,
      0.1212361446371205
    ],
    [
      0.934970192643427,
      1.039637928030287,
      0.8691781511529595,
      0.7603672864307826,
      0.837512435358418,
      0.8747003659494413,
      0.7649281491663253,
      0.6735557043727647,
      0.8154619939240642,
      0.707280518864476,
      0.7178087202384952
    ]
  ],
  "scaler": {
    "mean": [
      0.4722222222222222,
      8.402777777777779,
      83.39351851851852,
      83.61574074074075,
      82.63425925925925,
      82.99537037037037,
      82.72222222222223,
      83.92592592592592,
      82.4675925925926,
      83.49074074074075,
      83.15567129629629
    ],
    "scale": [
      0.4992277987669841,
      1.1862607243657861,
      6.099313457846258,
      6.109004617306008,
      5.636400579123187,
      5.718308547167035,
      5.490451869235815,
      5.541432666243724,
      6.258243877208031,
      5.385156846937512,
      4.955166438538724
    ]
  }
}