{
  "model_type": "svm",
  "feature_names": [
    "sex",
    "grade_level",
    "filipino_q1",
    "english_q1",
    "mathematics_q1",
    "science_q1",
    "ap_q1",
    "esp_q1",
    "tle_q1",
    "mapeh_q1",
    "q1_overall"
  ],
  "intercepts": [
    -2.5557830959020964,
    -2.3059234854204878,
    -2.2213298314016856
  ],
  "coefficients": [
    [
      -0.7178917158042282,
      0.7072919412417136,
      -1.0190831996428216,
      2.430196569511992,
      0.22058494066105538,
      -1.1603389443643408,
      -2.5445236359027916,
      -1.2001572088508539,
      -0.8811035186126404,
      0.6446203401618789,
      -0.6545791878848775
    ],
    [
      -0.6000341687733597,
      0.9678443703329371,
      -0.44732694091487346,
      -0.05824218102819945,
      -0.05776740185618312,
      -0.11209187133031939,
      -1.2381016191957812,
      -1.8166317420510296,
      0.2690277449532612,
      1.1214663695873766,
      -0.42969323313586116
    ],
    [
      0.14779073050975633,
      0.17732674342097932,
      -0.196441823738855,
      -0.8623671147489951,
      -0.6055746577378294,
      -0.37195785355303457,
      -0.7666547339706895,
      -0.5084742172606234,
      0.26330675626513234,
      -0.026829132918679832,
      -0.587862136773591
    ]
  ],
  "classes": [
    0,
    1,
    2
  ],
  "kernel": "linear",
  "scaler": {
    "mean": [
      0.49047619047619045,
      8.416666666666666,
      81.53333333333333,
      85.02857142857142,
      82.5047619047619,
      82.8047619047619,
      82.01666666666667,
      84.83333333333333,
      80.21666666666667,
      81.32142857142857,
      82.53244047619047
    ],
    "scale": [
      0.49990928882363667,
      1.1485843598735064,
      6.338944882409234,
      6.191710499657153,
      6.2019563879915145,
      6.158229197429449,
      5.522008635005867,
      6.153267295729839,
      6.687458648440615,
      6.251782058866467,
      3.9125328611161927
    ]
  }
}