{
  "model_type": "svm",
  "feature_names": [
    "sex",
    "grade_level",
    "filipino_q1",
    "english_q1",
    "mathematics_q1",
    "science_q1",
    "ap_q1",
    "esp_q1",
    "tle_q1",
    "mapeh_q1",
    "q1_overall"
  ],
  "intercepts": [
    -4.230371898718676,
    -4.527918955815865,
    -3.0548001751148846
  ],
  "coefficients": [
    [
      -0.2977957701659193,
      1.295440806623458,
      0.4023915317230262,
      1.509387975206245,
      -0.9483941592469733,
      -2.0792598760025243,
      -1.6338161956125035,
      -0.0414257868665473,
      -1.4164913444057206,
      0.8014972112400116,
      -0.5022076960131727
    ],
    [
      -0.32275478805927443,
      1.360679020986356,
      0.4600593750040787,
      0.17208764060875303,
      -0.9431601596967081,
      -1.2992317512964489,
      -1.0224730251819762,
      -1.3726492410464086,
      -0.7211082925742174,
      0.555460415880185,
      -0.5995595655893116
    ],
    [
      0.04539810605521888,
      -0.3706686030438884,
      -0.8887395318669817,
      -0.5929794904717482,
      -0.552586827207552,
      0.7264793554431588,
      -1.0699276424514181,
      0.37650471614764847,
      -0.716974183154691,
      -1.6451098319098918,
      -0.6266703085770136
    ]
  ],
  "classes": [
    "0",
    "1",
    "2"
  ],
  "kernel": "linear",
  "scaler": {
    "mean": [
      0.5162790697674419,
      8.46046511627907,
      83.2,
      83.43255813953489,
      82.77674418604651,
      83.09767441860465,
      82.70697674418605,
      83.94883720930233,
      82.35348837209303,
      83.45581395348837,
      83.12151162790698
    ],
    "scale": [
      0.4997349216209597,
      1.1521747959450566,
      6.0357077001674355,
      5.920705525614189,
      5.558686360178841,
      5.780862105663344,
      5.390145847309989,
      5.390101698700721,
      6.2940115073390155,
      5.213279212878705,
      4.90164774560125
    ]
  }
}