{
  "model_type": "svm",
  "feature_names": [
    "sex",
    "grade_level",
    "filipino_q1",
    "english_q1",
    "mathematics_q1",
    "science_q1",
    "ap_q1",
    "esp_q1",
    "tle_q1",
    "mapeh_q1",
    "q1_overall"
  ],
  "intercepts": [
    -1.433364409671075,
    -1.5731574260812737,
    -0.32043121872893904
  ],
  "coefficients": [
    [
      -1.6910468683441309,
      0.28886911750888444,
      -0.013566889249375436,
      0.7501980835139292,
      -0.4634373220444772,
      -0.4326601141063833,
      0.2554160191817232,
      -0.4453925195649191,
      -2.133656116656965,
      0.2220458816028099,
      -0.4003001834458928
    ],
    [
      -0.2955839536120548,
      0.5512522096493653,
      -1.2249310608969104,
      0.4824812521608782,
      0.1460164963698256,
      0.48222226277966085,
      0.08649207493066946,
      -2.3037267873381992,
      -1.060780009944346,
      0.5984510755677763,
      -0.4610643725875905
    ],
    [
      0.13010330755366262,
      0.36882732053172695,
      -0.7474312402899668,
      0.18217219702356058,
      0.2838142703516757,
      -0.30850928944177713,
      -0.7626769020038253,
      -1.1045774297349134,
      -0.14024064879991438,
      0.6009878254703187,
      -0.30337679279027707
    ]
  ],
  "classes": [
    0,
    1,
    2
  ],
  "kernel": "linear",
  "scaler": {
    "mean": [
      0.6,
      8.277083333333334,
      81.09791666666666,
      81.87083333333334,
      81.1625,
      81.22916666666667,
      81.80625,
      82.10208333333334,
      80.28958333333334,
      83.2125,
      81.59635416666667
    ],
    "scale": [
      0.48989794855663565,
      0.9333496092330865,
      5.958956479652196,
      6.591027939976855,
      5.1488924779995155,
      6.12589987720625,
      4.875743800095188,
      5.817000572436126,
      7.066462445457102,
      5.174924516357702,
      4.823481760225971
    ]
  }
}