{
  "model_type": "svm",
  "feature_names": [
    "sex",
    "grade_level",
    "filipino_q1",
    "english_q1",
    "mathematics_q1",
    "science_q1",
    "ap_q1",
    "esp_q1",
    "tle_q1",
    "mapeh_q1",
    "q1_overall"
  ],
  "intercept": -2.7025759658604684,
  "coefficients": [
    -0.22703806935941007,
    0.04104520680780954,
    -0.11693911175900773,
    0.007402906472073312,
    0.06496192747414753,
    -1.3035080820677436,
    -0.1336405124911888,
    -0.23301974417766758,
    0.3323994103782102,
    -0.039330741522944024,
    -0.19959747136835304
  ],
  "classes": [
    "0",
    "1",
    "2"
  ],
  "kernel": "linear",
  "scaler": {
    "mean": [
      0.4722222222222222,
      8.402777777777779,
      83.39351851851852,
      83.61574074074075,
      82.63425925925925,
      82.99537037037037,
      82.72222222222223,
      83.92592592592592,
      82.4675925925926,
      83.49074074074075,
      83.15567129629629
    ],
    "scale": [
      0.4992277987669841,
      1.1862607243657861,
      6.099313457846258,
      6.109004617306008,
      5.636400579123187,
      5.718308547167035,
      5.490451869235815,
      5.541432666243724,
      6.258243877208031,
      5.385156846937512,
      4.955166438538724
    ]
  }
}